SimfreqS,PopS
0.44,0.5
0.4,0.5
0.4,0.5
0.36,0.5
0.5,0.5
0.56,0.5
0.48,0.5
0.42,0.5
0.54,0.5
0.44,0.5
0.5,0.5
0.38,0.5
0.48,0.5
0.5,0.5
0.44,0.5
0.46,0.5
0.5,0.5
0.5,0.5
0.48,0.5
0.48,0.5
0.4,0.5
0.46,0.5
0.44,0.5
0.46,0.5
0.7,0.5
0.44,0.5
0.58,0.5
0.5,0.5
0.64,0.5
0.56,0.5
0.56,0.5
0.48,0.5
0.48,0.5
0.38,0.5
0.46,0.5
0.48,0.5
0.48,0.5
0.44,0.5
0.36,0.5
0.3,0.5
0.44,0.5
0.5,0.5
0.28,0.5
0.54,0.5
0.54,0.5
0.62,0.5
0.52,0.5
0.44,0.5
0.6,0.5
0.34,0.5
0.6,0.5
0.44,0.5
0.52,0.5
0.48,0.5
0.46,0.5
0.44,0.5
0.6,0.5
0.44,0.5
0.52,0.5
0.54,0.5
0.56,0.5
0.58,0.5
0.58,0.5
0.52,0.5
0.52,0.5
0.52,0.5
0.54,0.5
0.5,0.5
0.48,0.5
0.42,0.5
0.56,0.5
0.48,0.5
0.52,0.5
0.44,0.5
0.38,0.5
0.44,0.5
0.6,0.5
0.58,0.5
0.5,0.5
0.48,0.5
0.32,0.5
0.44,0.5
0.62,0.5
0.46,0.5
0.32,0.5
0.34,0.5
0.5,0.5
0.48,0.5
0.54,0.5
0.3,0.5
0.56,0.5
0.52,0.5
0.56,0.5
0.62,0.5
0.5,0.5
0.6,0.5
0.54,0.5
0.52,0.5
0.46,0.5
0.6,0.5
0.6,0.5
0.56,0.5
0.36,0.5
0.34,0.5
0.38,0.5
0.72,0.5
0.54,0.5
0.4,0.5
0.64,0.5
0.48,0.5
0.62,0.5
0.48,0.5
0.48,0.5
0.48,0.5
0.52,0.5
0.46,0.5
0.4,0.5
0.6,0.5
0.56,0.5
0.46,0.5
0.54,0.5
0.36,0.5
0.48,0.5
0.38,0.5
0.36,0.5
0.44,0.5
0.44,0.5
0.66,0.5
0.54,0.5
0.46,0.5
0.5,0.5
0.42,0.5
0.44,0.5
0.42,0.5
0.5,0.5
0.56,0.5
0.52,0.5
0.48,0.5
0.54,0.5
0.5,0.5
0.48,0.5
0.46,0.5
0.6,0.5
0.52,0.5
0.54,0.5
0.52,0.5
0.42,0.5
0.5,0.5
0.42,0.5
0.46,0.5
0.46,0.5
0.56,0.5
0.46,0.5
0.38,0.5
0.42,0.5
0.4,0.5
0.64,0.5
0.48,0.5
0.58,0.5
0.4,0.5
0.42,0.5
0.46,0.5
0.44,0.5
0.5,0.5
0.42,0.5
0.58,0.5
0.56,0.5
0.48,0.5
0.52,0.5
0.44,0.5
0.36,0.5
0.52,0.5
0.4,0.5
0.42,0.5
0.44,0.5
0.58,0.5
0.58,0.5
0.64,0.5
0.48,0.5
0.54,0.5
0.64,0.5
0.5,0.5
0.56,0.5
0.42,0.5
0.56,0.5
0.48,0.5
0.42,0.5
0.62,0.5
0.72,0.5
0.46,0.5
0.48,0.5
0.6,0.5
0.52,0.5
0.54,0.5
0.56,0.5
0.5,0.5
0.44,0.5
0.52,0.5
0.5,0.5
0.54,0.5
0.52,0.5
0.68,0.5
0.46,0.5
0.62,0.5
0.54,0.5
0.46,0.5
0.62,0.5
0.5,0.5
0.66,0.5
0.64,0.5
0.54,0.5
0.48,0.5
0.6,0.5
0.44,0.5
0.6,0.5
0.68,0.5
0.54,0.5
0.38,0.5
0.52,0.5
0.46,0.5
0.5,0.5
0.38,0.5
0.44,0.5
0.44,0.5
0.44,0.5
0.44,0.5
0.42,0.5
0.64,0.5
0.64,0.5
0.56,0.5
0.48,0.5
0.62,0.5
0.44,0.5
0.52,0.5
0.54,0.5
0.5,0.5
0.54,0.5
0.64,0.5
0.62,0.5
0.56,0.5
0.32,0.5
0.36,0.5
0.6,0.5
0.5,0.5
0.58,0.5
0.36,0.5
0.48,0.5
0.44,0.5
0.62,0.5
0.42,0.5
0.4,0.5
0.4,0.5
0.5,0.5
0.38,0.5
0.52,0.5
0.58,0.5
0.54,0.5
0.32,0.5
0.62,0.5
0.54,0.5
0.36,0.5
0.46,0.5
0.48,0.5
0.68,0.5
0.52,0.5
0.6,0.5
0.3,0.5
0.46,0.5
0.48,0.5
0.56,0.5
0.62,0.5
0.4,0.5
0.5,0.5
0.68,0.5
0.38,0.5
0.58,0.5
0.3,0.5
0.46,0.5
0.54,0.5
0.4,0.5
0.32,0.5
0.42,0.5
0.46,0.5
0.42,0.5
0.5,0.5
0.36,0.5
0.54,0.5
0.38,0.5
0.38,0.5
0.3,0.5
0.44,0.5
0.32,0.5
0.56,0.5
0.48,0.5
0.48,0.5
0.6,0.5
0.4,0.5
0.58,0.5
0.46,0.5
0.58,0.5
0.58,0.5
0.5,0.5
0.42,0.5
0.54,0.5
0.58,0.5
0.36,0.5
0.4,0.5
0.5,0.5
0.4,0.5
0.44,0.5
0.6,0.5
0.54,0.5
0.4,0.5
0.48,0.5
0.6,0.5
0.5,0.5
0.54,0.5
0.5,0.5
0.38,0.5
0.54,0.5
0.68,0.5
0.52,0.5
0.48,0.5
0.46,0.5
0.42,0.5
0.42,0.5
0.44,0.5
0.64,0.5
0.4,0.5
0.58,0.5
0.46,0.5
0.44,0.5
0.66,0.5
0.38,0.5
0.44,0.5
0.4,0.5
0.44,0.5
0.64,0.5
0.46,0.5
0.56,0.5
0.54,0.5
0.54,0.5
0.46,0.5
0.34,0.5
0.7,0.5
0.5,0.5
0.44,0.5
0.48,0.5
0.62,0.5
0.54,0.5
0.48,0.5
0.3,0.5
0.36,0.5
0.56,0.5
0.44,0.5
0.46,0.5
0.54,0.5
0.34,0.5
0.44,0.5
0.48,0.5
0.36,0.5
0.46,0.5
0.56,0.5
0.68,0.5
0.4,0.5
0.52,0.5
0.54,0.5
0.54,0.5
0.5,0.5
0.44,0.5
0.56,0.5
0.42,0.5
0.56,0.5
0.36,0.5
0.72,0.5
0.48,0.5
0.44,0.5
0.48,0.5
0.54,0.5
0.6,0.5
0.54,0.5
0.52,0.5
0.68,0.5
0.66,0.5
0.36,0.5
0.46,0.5
0.38,0.5
0.4,0.5
0.54,0.5
0.58,0.5
0.58,0.5
0.5,0.5
0.6,0.5
0.54,0.5
0.58,0.5
0.42,0.5
0.5,0.5
0.34,0.5
0.56,0.5
0.46,0.5
0.4,0.5
0.56,0.5
0.56,0.5
0.3,0.5
0.48,0.5
0.64,0.5
0.48,0.5
0.46,0.5
0.48,0.5
0.64,0.5
0.44,0.5
0.48,0.5
0.5,0.5
0.52,0.5
0.48,0.5
0.5,0.5
0.6,0.5
0.52,0.5
0.5,0.5
0.54,0.5
0.5,0.5
0.46,0.5
0.42,0.5
0.66,0.5
0.42,0.5
0.64,0.5
0.4,0.5
0.5,0.5
0.48,0.5
0.5,0.5
0.38,0.5
0.58,0.5
0.64,0.5
0.4,0.5
0.46,0.5
0.7,0.5
0.52,0.5
0.48,0.5
0.5,0.5
0.42,0.5
0.44,0.5
0.4,0.5
0.48,0.5
0.56,0.5
0.4,0.5
0.38,0.5
0.58,0.5
0.58,0.5
0.44,0.5
0.56,0.5
0.52,0.5
0.62,0.5
0.52,0.5
0.54,0.5
0.38,0.5
0.52,0.5
0.48,0.5
0.36,0.5
0.58,0.5
0.46,0.5
0.54,0.5
0.52,0.5
0.42,0.5
0.46,0.5
0.7,0.5
0.46,0.5
0.5,0.5
0.54,0.5
0.7,0.5
0.52,0.5
0.5,0.5
0.48,0.5
0.36,0.5
0.44,0.5
0.48,0.5
0.48,0.5
0.56,0.5
0.44,0.5
0.54,0.5
0.52,0.5
0.46,0.5
0.5,0.5
0.48,0.5
0.54,0.5
0.62,0.5
0.54,0.5
0.56,0.5
0.56,0.5
0.46,0.5
0.44,0.5
0.48,0.5
0.38,0.5
0.44,0.5
0.52,0.5
0.52,0.5
0.42,0.5
0.3,0.5
0.54,0.5
0.56,0.5
0.54,0.5
0.58,0.5
0.5,0.5
0.5,0.5
0.54,0.5
0.52,0.5
0.56,0.5
0.48,0.5
0.52,0.5
0.58,0.5
0.34,0.5
0.48,0.5
0.42,0.5
0.56,0.5
0.48,0.5
0.54,0.5
0.42,0.5
0.64,0.5
0.6,0.5
0.4,0.5
0.5,0.5
0.54,0.5
0.64,0.5
0.48,0.5
0.44,0.5
0.54,0.5
0.54,0.5
0.48,0.5
0.42,0.5
0.6,0.5
0.54,0.5
0.56,0.5
0.46,0.5
0.48,0.5
0.34,0.5
0.6,0.5
0.52,0.5
0.42,0.5
0.44,0.5
0.42,0.5
0.52,0.5
0.36,0.5
0.62,0.5
0.66,0.5
0.48,0.5
0.58,0.5
0.56,0.5
0.62,0.5
0.54,0.5
0.52,0.5
0.38,0.5
0.54,0.5
0.56,0.5
0.44,0.5
0.42,0.5
0.36,0.5
0.4,0.5
0.46,0.5
0.42,0.5
0.5,0.5
0.48,0.5
0.46,0.5
0.4,0.5
0.58,0.5
0.56,0.5
0.42,0.5
0.34,0.5
0.4,0.5
0.46,0.5
0.5,0.5
0.44,0.5
0.38,0.5
0.4,0.5
0.42,0.5
0.44,0.5
0.4,0.5
0.54,0.5
0.48,0.5
0.54,0.5
0.48,0.5
0.52,0.5
0.46,0.5
0.46,0.5
0.5,0.5
0.44,0.5
0.4,0.5
0.68,0.5
0.44,0.5
0.48,0.5
0.36,0.5
0.5,0.5
0.54,0.5
0.56,0.5
0.5,0.5
0.56,0.5
0.48,0.5
0.38,0.5
0.42,0.5
0.48,0.5
0.56,0.5
0.54,0.5
0.54,0.5
0.4,0.5
0.24,0.5
0.46,0.5
0.58,0.5
0.42,0.5
0.56,0.5
0.32,0.5
0.7,0.5
0.4,0.5
0.44,0.5
0.52,0.5
0.52,0.5
0.52,0.5
0.36,0.5
0.66,0.5
0.56,0.5
0.56,0.5
0.32,0.5
0.34,0.5
0.54,0.5
0.6,0.5
0.44,0.5
0.58,0.5
0.36,0.5
0.52,0.5
0.5,0.5
0.46,0.5
0.34,0.5
0.58,0.5
0.32,0.5
0.66,0.5
0.6,0.5
0.58,0.5
0.5,0.5
0.48,0.5
0.48,0.5
0.62,0.5
0.44,0.5
0.56,0.5
0.44,0.5
0.54,0.5
0.44,0.5
0.46,0.5
0.62,0.5
0.52,0.5
0.44,0.5
0.34,0.5
0.44,0.5
0.44,0.5
0.42,0.5
0.52,0.5
0.46,0.5
0.58,0.5
0.64,0.5
0.48,0.5
0.5,0.5
0.5,0.5
0.36,0.5
0.52,0.5
0.38,0.5
0.58,0.5
0.6,0.5
0.52,0.5
0.44,0.5
0.48,0.5
0.52,0.5
0.36,0.5
0.42,0.5
0.32,0.5
0.58,0.5
0.4,0.5
0.58,0.5
0.34,0.5
0.38,0.5
0.48,0.5
0.48,0.5
0.66,0.5
0.42,0.5
0.34,0.5
0.4,0.5
0.46,0.5
0.58,0.5
0.52,0.5
0.44,0.5
0.68,0.5
0.62,0.5
0.54,0.5
0.52,0.5
0.42,0.5
0.58,0.5
0.48,0.5
0.66,0.5
0.46,0.5
0.52,0.5
0.48,0.5
0.4,0.5
0.28,0.5
0.66,0.5
0.48,0.5
0.32,0.5
0.54,0.5
0.42,0.5
0.7,0.5
0.44,0.5
0.48,0.5
0.62,0.5
0.56,0.5
0.58,0.5
0.58,0.5
0.54,0.5
0.62,0.5
0.52,0.5
0.6,0.5
0.66,0.5
0.38,0.5
0.58,0.5
0.6,0.5
0.54,0.5
0.56,0.5
0.54,0.5
0.38,0.5
0.44,0.5
0.56,0.5
0.52,0.5
0.52,0.5
0.6,0.5
0.46,0.5
0.76,0.5
0.54,0.5
0.56,0.5
0.38,0.5
0.54,0.5
0.5,0.5
0.5,0.5
0.34,0.5
0.48,0.5
0.6,0.5
0.56,0.5
0.5,0.5
0.4,0.5
0.38,0.5
0.56,0.5
0.36,0.5
0.48,0.5
0.46,0.5
0.66,0.5
0.4,0.5
0.38,0.5
0.44,0.5
0.46,0.5
0.58,0.5
0.32,0.5
0.74,0.5
0.5,0.5
0.44,0.5
0.56,0.5
0.46,0.5
0.5,0.5
0.38,0.5
0.52,0.5
0.56,0.5
0.48,0.5
0.4,0.5
0.52,0.5
0.5,0.5
0.6,0.5
0.52,0.5
0.58,0.5
0.46,0.5
0.38,0.5
0.44,0.5
0.48,0.5
0.52,0.5
0.5,0.5
0.52,0.5
0.64,0.5
0.4,0.5
0.48,0.5
0.56,0.5
0.46,0.5
0.4,0.5
0.62,0.5
0.66,0.5
0.48,0.5
0.54,0.5
0.66,0.5
0.56,0.5
0.62,0.5
0.4,0.5
0.42,0.5
0.52,0.5
0.5,0.5
0.52,0.5
0.38,0.5
0.34,0.5
0.4,0.5
0.44,0.5
0.5,0.5
0.5,0.5
0.48,0.5
0.32,0.5
0.46,0.5
0.44,0.5
0.5,0.5
0.36,0.5
0.46,0.5
0.48,0.5
0.34,0.5
0.36,0.5
0.62,0.5
0.5,0.5
0.5,0.5
0.44,0.5
0.42,0.5
0.54,0.5
0.46,0.5
0.58,0.5
0.5,0.5
0.56,0.5
0.48,0.5
0.5,0.5
0.54,0.5
0.52,0.5
0.54,0.5
0.4,0.5
0.46,0.5
0.4,0.5
0.42,0.5
0.5,0.5
0.54,0.5
0.6,0.5
0.6,0.5
0.44,0.5
0.42,0.5
0.42,0.5
0.46,0.5
0.54,0.5
0.62,0.5
0.6,0.5
0.52,0.5
0.52,0.5
0.48,0.5
0.5,0.5
0.54,0.5
0.46,0.5
0.34,0.5
0.52,0.5
0.4,0.5
0.42,0.5
0.42,0.5
0.44,0.5
0.54,0.5
0.6,0.5
0.36,0.5
0.54,0.5
0.58,0.5
0.52,0.5
0.46,0.5
0.56,0.5
0.62,0.5
0.5,0.5
0.52,0.5
0.4,0.5
0.54,0.5
0.54,0.5
0.54,0.5
0.32,0.5
0.64,0.5
0.48,0.5
0.52,0.5
0.46,0.5
0.56,0.5
0.44,0.5
0.46,0.5
0.42,0.5
0.5,0.5
0.54,0.5
0.4,0.5
0.56,0.5
0.56,0.5
0.44,0.5
0.44,0.5
0.44,0.5
0.48,0.5
0.5,0.5
0.5,0.5
0.3,0.5
0.36,0.5
0.48,0.5
0.4,0.5
0.48,0.5
0.66,0.5
0.58,0.5
0.52,0.5
0.4,0.5
0.4,0.5
0.44,0.5
0.56,0.5
0.58,0.5
0.6,0.5
0.58,0.5
0.62,0.5
0.56,0.5
0.62,0.5
0.42,0.5
0.44,0.5
0.54,0.5
0.38,0.5
0.44,0.5
0.58,0.5
0.44,0.5
0.56,0.5
0.44,0.5
0.44,0.5
0.34,0.5
0.52,0.5
0.44,0.5
0.46,0.5
0.64,0.5
0.46,0.5
0.62,0.5
0.54,0.5
0.44,0.5
0.42,0.5
0.42,0.5
0.48,0.5
0.46,0.5
0.5,0.5
0.36,0.5
0.42,0.5
0.42,0.5
0.56,0.5
0.58,0.5
0.38,0.5
0.52,0.5
0.44,0.5
0.52,0.5
0.44,0.5
0.5,0.5
0.52,0.5
0.58,0.5
0.42,0.5
0.38,0.5
0.5,0.5
0.62,0.5
0.44,0.5
0.6,0.5
0.54,0.5
0.68,0.5
0.78,0.5
0.5,0.5
0.58,0.5
0.52,0.5
0.74,0.5
0.44,0.5
0.42,0.5
0.58,0.5
0.62,0.5
0.48,0.5
0.52,0.5
0.54,0.5
0.3,0.5
0.58,0.5
0.42,0.5
0.54,0.5
0.48,0.5
0.64,0.5
0.64,0.5
0.56,0.5
0.46,0.5
0.4,0.5
0.48,0.5
0.56,0.5
0.42,0.5
0.66,0.5
0.52,0.5
0.5,0.5
0.38,0.5
0.5,0.5
0.6,0.5
0.54,0.5
0.36,0.5
0.5,0.5
0.48,0.5
0.46,0.5
0.38,0.5
0.36,0.5
0.38,0.5
0.48,0.5
0.5,0.5
0.68,0.5
0.48,0.5
0.52,0.5
0.42,0.5
0.46,0.5
0.6,0.5
0.46,0.5
0.5,0.5
0.36,0.5
0.48,0.4
0.46,0.4
0.48,0.4
0.54,0.4
0.38,0.4
0.4,0.4
0.36,0.4
0.28,0.4
0.4,0.4
0.36,0.4
0.42,0.4
0.34,0.4
0.28,0.4
0.52,0.4
0.44,0.4
0.48,0.4
0.54,0.4
0.42,0.4
0.36,0.4
0.34,0.4
0.38,0.4
0.36,0.4
0.38,0.4
0.5,0.4
0.44,0.4
0.52,0.4
0.32,0.4
0.38,0.4
0.34,0.4
0.3,0.4
0.28,0.4
0.38,0.4
0.34,0.4
0.4,0.4
0.42,0.4
0.42,0.4
0.44,0.4
0.38,0.4
0.38,0.4
0.26,0.4
0.34,0.4
0.42,0.4
0.5,0.4
0.34,0.4
0.34,0.4
0.44,0.4
0.38,0.4
0.42,0.4
0.36,0.4
0.42,0.4
0.24,0.4
0.44,0.4
0.6,0.4
0.66,0.4
0.44,0.4
0.34,0.4
0.34,0.4
0.28,0.4
0.3,0.4
0.56,0.4
0.46,0.4
0.3,0.4
0.48,0.4
0.36,0.4
0.3,0.4
0.42,0.4
0.48,0.4
0.38,0.4
0.4,0.4
0.36,0.4
0.48,0.4
0.48,0.4
0.46,0.4
0.44,0.4
0.42,0.4
0.38,0.4
0.42,0.4
0.38,0.4
0.46,0.4
0.48,0.4
0.44,0.4
0.34,0.4
0.38,0.4
0.34,0.4
0.3,0.4
0.32,0.4
0.36,0.4
0.42,0.4
0.42,0.4
0.54,0.4
0.36,0.4
0.36,0.4
0.34,0.4
0.42,0.4
0.36,0.4
0.5,0.4
0.3,0.4
0.44,0.4
0.38,0.4
0.32,0.4
0.5,0.4
0.4,0.4
0.36,0.4
0.34,0.4
0.48,0.4
0.36,0.4
0.34,0.4
0.46,0.4
0.52,0.4
0.3,0.4
0.48,0.4
0.38,0.4
0.36,0.4
0.44,0.4
0.52,0.4
0.34,0.4
0.42,0.4
0.42,0.4
0.6,0.4
0.32,0.4
0.44,0.4
0.5,0.4
0.54,0.4
0.36,0.4
0.44,0.4
0.3,0.4
0.34,0.4
0.32,0.4
0.44,0.4
0.42,0.4
0.5,0.4
0.34,0.4
0.36,0.4
0.52,0.4
0.34,0.4
0.42,0.4
0.46,0.4
0.42,0.4
0.36,0.4
0.56,0.4
0.56,0.4
0.54,0.4
0.28,0.4
0.5,0.4
0.54,0.4
0.36,0.4
0.46,0.4
0.66,0.4
0.44,0.4
0.42,0.4
0.48,0.4
0.48,0.4
0.4,0.4
0.34,0.4
0.6,0.4
0.48,0.4
0.38,0.4
0.34,0.4
0.36,0.4
0.32,0.4
0.4,0.4
0.32,0.4
0.42,0.4
0.26,0.4
0.42,0.4
0.3,0.4
0.36,0.4
0.4,0.4
0.34,0.4
0.42,0.4
0.36,0.4
0.34,0.4
0.44,0.4
0.28,0.4
0.42,0.4
0.44,0.4
0.36,0.4
0.34,0.4
0.34,0.4
0.48,0.4
0.4,0.4
0.44,0.4
0.34,0.4
0.46,0.4
0.28,0.4
0.4,0.4
0.34,0.4
0.36,0.4
0.42,0.4
0.48,0.4
0.5,0.4
0.4,0.4
0.58,0.4
0.46,0.4
0.56,0.4
0.4,0.4
0.3,0.4
0.28,0.4
0.32,0.4
0.32,0.4
0.54,0.4
0.56,0.4
0.38,0.4
0.38,0.4
0.48,0.4
0.44,0.4
0.44,0.4
0.54,0.4
0.3,0.4
0.32,0.4
0.36,0.4
0.52,0.4
0.38,0.4
0.36,0.4
0.38,0.4
0.28,0.4
0.2,0.4
0.34,0.4
0.34,0.4
0.3,0.4
0.28,0.4
0.5,0.4
0.56,0.4
0.32,0.4
0.3,0.4
0.46,0.4
0.36,0.4
0.34,0.4
0.32,0.4
0.46,0.4
0.34,0.4
0.28,0.4
0.3,0.4
0.4,0.4
0.18,0.4
0.3,0.4
0.38,0.4
0.34,0.4
0.36,0.4
0.4,0.4
0.36,0.4
0.46,0.4
0.24,0.4
0.56,0.4
0.4,0.4
0.44,0.4
0.5,0.4
0.4,0.4
0.3,0.4
0.56,0.4
0.34,0.4
0.44,0.4
0.28,0.4
0.34,0.4
0.54,0.4
0.42,0.4
0.4,0.4
0.46,0.4
0.48,0.4
0.46,0.4
0.3,0.4
0.28,0.4
0.38,0.4
0.34,0.4
0.34,0.4
0.3,0.4
0.42,0.4
0.34,0.4
0.44,0.4
0.32,0.4
0.3,0.4
0.46,0.4
0.34,0.4
0.48,0.4
0.46,0.4
0.38,0.4
0.44,0.4
0.38,0.4
0.5,0.4
0.4,0.4
0.42,0.4
0.5,0.4
0.5,0.4
0.6,0.4
0.36,0.4
0.42,0.4
0.5,0.4
0.46,0.4
0.28,0.4
0.4,0.4
0.28,0.4
0.56,0.4
0.38,0.4
0.38,0.4
0.36,0.4
0.34,0.4
0.38,0.4
0.48,0.4
0.52,0.4
0.36,0.4
0.4,0.4
0.42,0.4
0.34,0.4
0.24,0.4
0.4,0.4
0.46,0.4
0.36,0.4
0.48,0.4
0.32,0.4
0.44,0.4
0.44,0.4
0.3,0.4
0.4,0.4
0.46,0.4
0.42,0.4
0.36,0.4
0.42,0.4
0.22,0.4
0.54,0.4
0.36,0.4
0.32,0.4
0.38,0.4
0.62,0.4
0.36,0.4
0.4,0.4
0.38,0.4
0.44,0.4
0.52,0.4
0.42,0.4
0.4,0.4
0.46,0.4
0.46,0.4
0.54,0.4
0.32,0.4
0.4,0.4
0.3,0.4
0.4,0.4
0.26,0.4
0.4,0.4
0.48,0.4
0.36,0.4
0.46,0.4
0.48,0.4
0.3,0.4
0.36,0.4
0.42,0.4
0.44,0.4
0.46,0.4
0.3,0.4
0.4,0.4
0.5,0.4
0.48,0.4
0.48,0.4
0.44,0.4
0.46,0.4
0.46,0.4
0.34,0.4
0.46,0.4
0.46,0.4
0.26,0.4
0.42,0.4
0.42,0.4
0.36,0.4
0.4,0.4
0.34,0.4
0.4,0.4
0.4,0.4
0.34,0.4
0.42,0.4
0.48,0.4
0.54,0.4
0.26,0.4
0.46,0.4
0.42,0.4
0.36,0.4
0.32,0.4
0.26,0.4
0.44,0.4
0.32,0.4
0.42,0.4
0.34,0.4
0.46,0.4
0.38,0.4
0.48,0.4
0.32,0.4
0.54,0.4
0.44,0.4
0.46,0.4
0.3,0.4
0.32,0.4
0.38,0.4
0.4,0.4
0.4,0.4
0.38,0.4
0.42,0.4
0.52,0.4
0.4,0.4
0.38,0.4
0.38,0.4
0.44,0.4
0.46,0.4
0.48,0.4
0.32,0.4
0.32,0.4
0.5,0.4
0.5,0.4
0.4,0.4
0.3,0.4
0.4,0.4
0.34,0.4
0.46,0.4
0.4,0.4
0.42,0.4
0.22,0.4
0.32,0.4
0.24,0.4
0.44,0.4
0.26,0.4
0.44,0.4
0.32,0.4
0.44,0.4
0.66,0.4
0.38,0.4
0.44,0.4
0.52,0.4
0.32,0.4
0.42,0.4
0.56,0.4
0.3,0.4
0.48,0.4
0.5,0.4
0.52,0.4
0.44,0.4
0.32,0.4
0.46,0.4
0.5,0.4
0.36,0.4
0.46,0.4
0.5,0.4
0.38,0.4
0.3,0.4
0.5,0.4
0.46,0.4
0.38,0.4
0.38,0.4
0.22,0.4
0.28,0.4
0.28,0.4
0.36,0.4
0.3,0.4
0.46,0.4
0.48,0.4
0.42,0.4
0.48,0.4
0.46,0.4
0.4,0.4
0.48,0.4
0.34,0.4
0.42,0.4
0.46,0.4
0.4,0.4
0.42,0.4
0.44,0.4
0.3,0.4
0.34,0.4
0.48,0.4
0.44,0.4
0.44,0.4
0.36,0.4
0.32,0.4
0.36,0.4
0.44,0.4
0.42,0.4
0.5,0.4
0.34,0.4
0.3,0.4
0.48,0.4
0.36,0.4
0.4,0.4
0.38,0.4
0.44,0.4
0.54,0.4
0.4,0.4
0.34,0.4
0.5,0.4
0.24,0.4
0.46,0.4
0.34,0.4
0.34,0.4
0.48,0.4
0.34,0.4
0.4,0.4
0.42,0.4
0.46,0.4
0.46,0.4
0.4,0.4
0.48,0.4
0.4,0.4
0.34,0.4
0.26,0.4
0.24,0.4
0.3,0.4
0.48,0.4
0.32,0.4
0.4,0.4
0.48,0.4
0.5,0.4
0.38,0.4
0.38,0.4
0.4,0.4
0.48,0.4
0.46,0.4
0.38,0.4
0.52,0.4
0.5,0.4
0.3,0.4
0.34,0.4
0.42,0.4
0.3,0.4
0.28,0.4
0.6,0.4
0.52,0.4
0.36,0.4
0.44,0.4
0.26,0.4
0.42,0.4
0.46,0.4
0.4,0.4
0.44,0.4
0.22,0.4
0.6,0.4
0.28,0.4
0.38,0.4
0.36,0.4
0.42,0.4
0.42,0.4
0.34,0.4
0.46,0.4
0.36,0.4
0.5,0.4
0.36,0.4
0.48,0.4
0.28,0.4
0.3,0.4
0.24,0.4
0.42,0.4
0.42,0.4
0.32,0.4
0.3,0.4
0.3,0.4
0.52,0.4
0.24,0.4
0.46,0.4
0.4,0.4
0.28,0.4
0.44,0.4
0.54,0.4
0.34,0.4
0.34,0.4
0.44,0.4
0.38,0.4
0.52,0.4
0.6,0.4
0.3,0.4
0.42,0.4
0.38,0.4
0.4,0.4
0.3,0.4
0.42,0.4
0.34,0.4
0.32,0.4
0.38,0.4
0.44,0.4
0.42,0.4
0.44,0.4
0.64,0.4
0.46,0.4
0.28,0.4
0.26,0.4
0.36,0.4
0.34,0.4
0.5,0.4
0.42,0.4
0.5,0.4
0.36,0.4
0.4,0.4
0.38,0.4
0.3,0.4
0.54,0.4
0.4,0.4
0.26,0.4
0.44,0.4
0.52,0.4
0.3,0.4
0.38,0.4
0.42,0.4
0.3,0.4
0.26,0.4
0.3,0.4
0.38,0.4
0.54,0.4
0.44,0.4
0.42,0.4
0.42,0.4
0.46,0.4
0.52,0.4
0.44,0.4
0.42,0.4
0.36,0.4
0.3,0.4
0.46,0.4
0.42,0.4
0.5,0.4
0.4,0.4
0.24,0.4
0.46,0.4
0.32,0.4
0.28,0.4
0.54,0.4
0.46,0.4
0.34,0.4
0.52,0.4
0.3,0.4
0.34,0.4
0.44,0.4
0.42,0.4
0.46,0.4
0.4,0.4
0.44,0.4
0.52,0.4
0.4,0.4
0.5,0.4
0.48,0.4
0.32,0.4
0.34,0.4
0.3,0.4
0.46,0.4
0.36,0.4
0.36,0.4
0.52,0.4
0.46,0.4
0.38,0.4
0.38,0.4
0.4,0.4
0.64,0.4
0.52,0.4
0.42,0.4
0.26,0.4
0.52,0.4
0.36,0.4
0.48,0.4
0.5,0.4
0.36,0.4
0.38,0.4
0.16,0.4
0.22,0.4
0.48,0.4
0.46,0.4
0.38,0.4
0.36,0.4
0.38,0.4
0.54,0.4
0.36,0.4
0.5,0.4
0.52,0.4
0.24,0.4
0.42,0.4
0.42,0.4
0.42,0.4
0.42,0.4
0.46,0.4
0.34,0.4
0.46,0.4
0.4,0.4
0.24,0.4
0.3,0.4
0.24,0.4
0.38,0.4
0.4,0.4
0.4,0.4
0.32,0.4
0.46,0.4
0.24,0.4
0.38,0.4
0.38,0.4
0.5,0.4
0.34,0.4
0.36,0.4
0.46,0.4
0.32,0.4
0.4,0.4
0.32,0.4
0.34,0.4
0.42,0.4
0.56,0.4
0.5,0.4
0.34,0.4
0.48,0.4
0.34,0.4
0.42,0.4
0.34,0.4
0.48,0.4
0.4,0.4
0.38,0.4
0.46,0.4
0.44,0.4
0.26,0.4
0.42,0.4
0.32,0.4
0.46,0.4
0.54,0.4
0.36,0.4
0.52,0.4
0.44,0.4
0.42,0.4
0.4,0.4
0.34,0.4
0.56,0.4
0.46,0.4
0.44,0.4
0.32,0.4
0.32,0.4
0.26,0.4
0.34,0.4
0.42,0.4
0.26,0.4
0.46,0.4
0.38,0.4
0.36,0.4
0.54,0.4
0.36,0.4
0.42,0.4
0.32,0.4
0.38,0.4
0.38,0.4
0.4,0.4
0.42,0.4
0.44,0.4
0.38,0.4
0.5,0.4
0.36,0.4
0.4,0.4
0.42,0.4
0.44,0.4
0.48,0.4
0.22,0.4
0.42,0.4
0.36,0.4
0.48,0.4
0.4,0.4
0.48,0.4
0.2,0.4
0.28,0.4
0.24,0.4
0.36,0.4
0.44,0.4
0.42,0.4
0.36,0.4
0.4,0.4
0.44,0.4
0.48,0.4
0.28,0.4
0.36,0.4
0.48,0.4
0.4,0.4
0.48,0.4
0.46,0.4
0.32,0.4
0.34,0.4
0.38,0.4
0.3,0.4
0.36,0.4
0.46,0.4
0.44,0.4
0.44,0.4
0.48,0.4
0.4,0.4
0.34,0.4
0.28,0.4
0.38,0.4
0.36,0.4
0.4,0.4
0.42,0.4
0.36,0.4
0.5,0.4
0.52,0.4
0.38,0.4
0.44,0.4
0.56,0.4
0.52,0.4
0.46,0.4
0.28,0.4
0.34,0.4
0.32,0.4
0.6,0.4
0.52,0.4
0.4,0.4
0.52,0.4
0.36,0.4
0.4,0.4
0.4,0.4
0.3,0.4
0.54,0.4
0.22,0.4
0.38,0.4
0.42,0.4
0.5,0.4
0.28,0.4
0.44,0.4
0.52,0.4
0.4,0.4
0.28,0.4
0.4,0.4
0.42,0.4
0.36,0.4
0.38,0.4
0.28,0.4
0.44,0.4
0.38,0.4
0.44,0.4
0.44,0.4
0.28,0.4
0.46,0.4
0.34,0.4
0.34,0.4
0.48,0.4
0.56,0.4
0.52,0.4
0.28,0.4
0.34,0.4
0.52,0.4
0.4,0.4
0.38,0.4
0.34,0.4
0.4,0.4
0.44,0.4
0.38,0.4
0.44,0.4
0.42,0.4
0.52,0.4
0.24,0.4
0.34,0.4
0.58,0.4
0.32,0.4
0.52,0.4
0.38,0.4
0.34,0.4
0.56,0.4
0.3,0.4
0.26,0.4
0.36,0.4
0.56,0.4
0.56,0.4
0.44,0.4
0.54,0.4
0.4,0.4
0.26,0.4
0.28,0.4
0.38,0.4
0.38,0.4
0.38,0.4
0.4,0.4
0.5,0.4
0.42,0.4
0.4,0.4
0.5,0.4
0.48,0.4
0.5,0.4
0.46,0.4
0.5,0.4
0.48,0.4
0.5,0.4
0.38,0.4
0.56,0.4
0.5,0.4
0.38,0.4
0.36,0.4
0.4,0.4
0.36,0.4
0.36,0.4
0.38,0.4
0.36,0.4
0.3,0.4
0.44,0.4
0.4,0.4
0.48,0.4
0.3,0.4
0.28,0.4
0.42,0.4
0.28,0.4
0.28,0.4
0.3,0.4
0.44,0.4
0.36,0.4
0.38,0.4
0.4,0.4
0.38,0.4
0.34,0.4
0.62,0.4
0.38,0.4
0.4,0.4
0.58,0.4
0.36,0.4
0.48,0.4
0.5,0.4
0.38,0.4
0.42,0.4
0.46,0.4
0.4,0.4
0.34,0.4
0.22,0.4
0.42,0.4
0.42,0.4
0.54,0.4
0.5,0.4
0.36,0.4
0.26,0.4
0.5,0.4
0.32,0.4
0.36,0.4
0.38,0.4
0.48,0.4
0.5,0.4
0.26,0.4
0.62,0.4
0.46,0.4
0.22,0.4
0.42,0.4
0.42,0.4
0.3,0.4
0.28,0.4
0.48,0.4
0.56,0.4
0.5,0.4
0.46,0.4
0.48,0.4
0.36,0.4
0.34,0.4
0.4,0.4
0.3,0.4
0.28,0.4
0.16,0.4
0.52,0.4
0.32,0.4
0.44,0.4
0.38,0.4
0.34,0.4
0.34,0.4
0.46,0.4
0.4,0.4
0.26,0.4
0.24,0.4
0.3,0.4
0.34,0.4
0.3,0.4
0.38,0.4
0.22,0.4
0.4,0.4
0.38,0.4
0.36,0.4
0.6,0.4
0.4,0.4
0.56,0.4
0.46,0.4
0.38,0.4
0.22,0.4
0.32,0.4
0.58,0.4
0.5,0.4
0.36,0.4
0.46,0.4
0.18,0.4
0.36,0.4
0.38,0.4
0.32,0.4
0.28,0.4
0.54,0.4
0.4,0.4
0.34,0.4
0.3,0.4
0.58,0.4
0.36,0.4
0.26,0.4
0.3,0.4
0.46,0.4
0.44,0.4
0.28,0.4
0.42,0.4
0.38,0.4
0.34,0.4
0.54,0.4
0.5,0.4
0.44,0.4
0.38,0.4
0.34,0.4
0.38,0.4
0.36,0.4
0.42,0.4
0.38,0.4
0.34,0.4
0.22,0.3
0.3,0.3
0.46,0.3
0.34,0.3
0.14,0.3
0.22,0.3
0.36,0.3
0.24,0.3
0.32,0.3
0.14,0.3
0.28,0.3
0.32,0.3
0.32,0.3
0.24,0.3
0.14,0.3
0.32,0.3
0.16,0.3
0.28,0.3
0.3,0.3
0.2,0.3
0.38,0.3
0.36,0.3
0.4,0.3
0.26,0.3
0.28,0.3
0.36,0.3
0.42,0.3
0.22,0.3
0.32,0.3
0.3,0.3
0.34,0.3
0.26,0.3
0.38,0.3
0.36,0.3
0.38,0.3
0.36,0.3
0.22,0.3
0.44,0.3
0.26,0.3
0.16,0.3
0.28,0.3
0.32,0.3
0.26,0.3
0.36,0.3
0.22,0.3
0.2,0.3
0.1,0.3
0.26,0.3
0.3,0.3
0.5,0.3
0.26,0.3
0.28,0.3
0.38,0.3
0.32,0.3
0.22,0.3
0.34,0.3
0.34,0.3
0.18,0.3
0.3,0.3
0.18,0.3
0.3,0.3
0.32,0.3
0.28,0.3
0.2,0.3
0.26,0.3
0.34,0.3
0.3,0.3
0.26,0.3
0.36,0.3
0.2,0.3
0.28,0.3
0.3,0.3
0.3,0.3
0.18,0.3
0.24,0.3
0.38,0.3
0.2,0.3
0.24,0.3
0.48,0.3
0.44,0.3
0.32,0.3
0.42,0.3
0.3,0.3
0.34,0.3
0.42,0.3
0.32,0.3
0.24,0.3
0.3,0.3
0.32,0.3
0.18,0.3
0.36,0.3
0.34,0.3
0.38,0.3
0.32,0.3
0.26,0.3
0.26,0.3
0.38,0.3
0.18,0.3
0.4,0.3
0.46,0.3
0.32,0.3
0.3,0.3
0.36,0.3
0.4,0.3
0.28,0.3
0.4,0.3
0.22,0.3
0.24,0.3
0.48,0.3
0.22,0.3
0.32,0.3
0.28,0.3
0.24,0.3
0.28,0.3
0.42,0.3
0.3,0.3
0.26,0.3
0.36,0.3
0.32,0.3
0.18,0.3
0.42,0.3
0.38,0.3
0.28,0.3
0.28,0.3
0.3,0.3
0.36,0.3
0.34,0.3
0.24,0.3
0.36,0.3
0.3,0.3
0.38,0.3
0.26,0.3
0.32,0.3
0.2,0.3
0.26,0.3
0.44,0.3
0.36,0.3
0.2,0.3
0.18,0.3
0.1,0.3
0.4,0.3
0.24,0.3
0.4,0.3
0.48,0.3
0.3,0.3
0.32,0.3
0.34,0.3
0.4,0.3
0.28,0.3
0.2,0.3
0.46,0.3
0.24,0.3
0.3,0.3
0.2,0.3
0.32,0.3
0.26,0.3
0.3,0.3
0.32,0.3
0.34,0.3
0.52,0.3
0.16,0.3
0.36,0.3
0.4,0.3
0.44,0.3
0.26,0.3
0.38,0.3
0.36,0.3
0.24,0.3
0.26,0.3
0.34,0.3
0.26,0.3
0.3,0.3
0.42,0.3
0.4,0.3
0.32,0.3
0.3,0.3
0.34,0.3
0.24,0.3
0.24,0.3
0.36,0.3
0.48,0.3
0.26,0.3
0.4,0.3
0.24,0.3
0.52,0.3
0.32,0.3
0.26,0.3
0.34,0.3
0.24,0.3
0.36,0.3
0.28,0.3
0.3,0.3
0.18,0.3
0.22,0.3
0.32,0.3
0.22,0.3
0.22,0.3
0.28,0.3
0.26,0.3
0.24,0.3
0.4,0.3
0.24,0.3
0.4,0.3
0.26,0.3
0.18,0.3
0.26,0.3
0.42,0.3
0.3,0.3
0.28,0.3
0.32,0.3
0.24,0.3
0.34,0.3
0.36,0.3
0.28,0.3
0.24,0.3
0.3,0.3
0.2,0.3
0.4,0.3
0.26,0.3
0.24,0.3
0.18,0.3
0.26,0.3
0.42,0.3
0.16,0.3
0.38,0.3
0.28,0.3
0.3,0.3
0.26,0.3
0.28,0.3
0.22,0.3
0.32,0.3
0.32,0.3
0.28,0.3
0.16,0.3
0.22,0.3
0.36,0.3
0.3,0.3
0.2,0.3
0.34,0.3
0.36,0.3
0.4,0.3
0.3,0.3
0.26,0.3
0.3,0.3
0.32,0.3
0.3,0.3
0.3,0.3
0.32,0.3
0.32,0.3
0.34,0.3
0.3,0.3
0.28,0.3
0.22,0.3
0.24,0.3
0.18,0.3
0.24,0.3
0.32,0.3
0.28,0.3
0.32,0.3
0.28,0.3
0.28,0.3
0.22,0.3
0.3,0.3
0.44,0.3
0.24,0.3
0.3,0.3
0.22,0.3
0.38,0.3
0.24,0.3
0.3,0.3
0.38,0.3
0.28,0.3
0.24,0.3
0.24,0.3
0.3,0.3
0.18,0.3
0.24,0.3
0.28,0.3
0.2,0.3
0.26,0.3
0.38,0.3
0.3,0.3
0.32,0.3
0.3,0.3
0.26,0.3
0.48,0.3
0.36,0.3
0.42,0.3
0.42,0.3
0.22,0.3
0.36,0.3
0.32,0.3
0.14,0.3
0.26,0.3
0.28,0.3
0.34,0.3
0.3,0.3
0.1,0.3
0.34,0.3
0.2,0.3
0.14,0.3
0.32,0.3
0.2,0.3
0.24,0.3
0.12,0.3
0.52,0.3
0.36,0.3
0.22,0.3
0.32,0.3
0.26,0.3
0.2,0.3
0.34,0.3
0.32,0.3
0.3,0.3
0.3,0.3
0.26,0.3
0.3,0.3
0.28,0.3
0.4,0.3
0.34,0.3
0.2,0.3
0.42,0.3
0.3,0.3
0.24,0.3
0.12,0.3
0.36,0.3
0.44,0.3
0.32,0.3
0.3,0.3
0.3,0.3
0.26,0.3
0.28,0.3
0.1,0.3
0.3,0.3
0.26,0.3
0.32,0.3
0.3,0.3
0.28,0.3
0.3,0.3
0.16,0.3
0.3,0.3
0.44,0.3
0.28,0.3
0.24,0.3
0.36,0.3
0.22,0.3
0.36,0.3
0.24,0.3
0.3,0.3
0.28,0.3
0.28,0.3
0.08,0.3
0.06,0.3
0.26,0.3
0.26,0.3
0.28,0.3
0.32,0.3
0.32,0.3
0.38,0.3
0.24,0.3
0.22,0.3
0.3,0.3
0.14,0.3
0.34,0.3
0.32,0.3
0.28,0.3
0.26,0.3
0.32,0.3
0.4,0.3
0.32,0.3
0.32,0.3
0.36,0.3
0.32,0.3
0.4,0.3
0.24,0.3
0.28,0.3
0.18,0.3
0.26,0.3
0.24,0.3
0.38,0.3
0.3,0.3
0.34,0.3
0.34,0.3
0.4,0.3
0.2,0.3
0.24,0.3
0.34,0.3
0.22,0.3
0.46,0.3
0.38,0.3
0.34,0.3
0.36,0.3
0.26,0.3
0.3,0.3
0.26,0.3
0.24,0.3
0.42,0.3
0.44,0.3
0.22,0.3
0.32,0.3
0.28,0.3
0.48,0.3
0.42,0.3
0.36,0.3
0.24,0.3
0.34,0.3
0.36,0.3
0.18,0.3
0.3,0.3
0.38,0.3
0.22,0.3
0.34,0.3
0.24,0.3
0.28,0.3
0.38,0.3
0.4,0.3
0.22,0.3
0.26,0.3
0.42,0.3
0.36,0.3
0.42,0.3
0.38,0.3
0.22,0.3
0.34,0.3
0.34,0.3
0.32,0.3
0.26,0.3
0.32,0.3
0.4,0.3
0.26,0.3
0.3,0.3
0.26,0.3
0.34,0.3
0.38,0.3
0.56,0.3
0.36,0.3
0.26,0.3
0.38,0.3
0.34,0.3
0.26,0.3
0.32,0.3
0.26,0.3
0.34,0.3
0.38,0.3
0.26,0.3
0.34,0.3
0.24,0.3
0.2,0.3
0.3,0.3
0.22,0.3
0.28,0.3
0.34,0.3
0.26,0.3
0.38,0.3
0.38,0.3
0.2,0.3
0.28,0.3
0.32,0.3
0.18,0.3
0.28,0.3
0.32,0.3
0.26,0.3
0.3,0.3
0.32,0.3
0.32,0.3
0.22,0.3
0.36,0.3
0.2,0.3
0.32,0.3
0.44,0.3
0.4,0.3
0.24,0.3
0.06,0.3
0.34,0.3
0.28,0.3
0.22,0.3
0.3,0.3
0.34,0.3
0.48,0.3
0.34,0.3
0.06,0.3
0.18,0.3
0.34,0.3
0.2,0.3
0.18,0.3
0.2,0.3
0.3,0.3
0.36,0.3
0.44,0.3
0.4,0.3
0.36,0.3
0.18,0.3
0.34,0.3
0.24,0.3
0.24,0.3
0.3,0.3
0.32,0.3
0.32,0.3
0.2,0.3
0.26,0.3
0.3,0.3
0.22,0.3
0.4,0.3
0.36,0.3
0.42,0.3
0.32,0.3
0.32,0.3
0.46,0.3
0.44,0.3
0.18,0.3
0.06,0.3
0.3,0.3
0.24,0.3
0.26,0.3
0.34,0.3
0.2,0.3
0.3,0.3
0.28,0.3
0.24,0.3
0.26,0.3
0.42,0.3
0.38,0.3
0.4,0.3
0.36,0.3
0.24,0.3
0.3,0.3
0.22,0.3
0.34,0.3
0.36,0.3
0.24,0.3
0.22,0.3
0.32,0.3
0.16,0.3
0.18,0.3
0.3,0.3
0.32,0.3
0.26,0.3
0.26,0.3
0.36,0.3
0.36,0.3
0.3,0.3
0.3,0.3
0.16,0.3
0.34,0.3
0.28,0.3
0.18,0.3
0.34,0.3
0.3,0.3
0.3,0.3
0.32,0.3
0.32,0.3
0.3,0.3
0.28,0.3
0.28,0.3
0.28,0.3
0.22,0.3
0.32,0.3
0.28,0.3
0.26,0.3
0.36,0.3
0.36,0.3
0.5,0.3
0.34,0.3
0.28,0.3
0.26,0.3
0.28,0.3
0.3,0.3
0.24,0.3
0.3,0.3
0.2,0.3
0.34,0.3
0.28,0.3
0.26,0.3
0.2,0.3
0.2,0.3
0.26,0.3
0.16,0.3
0.32,0.3
0.38,0.3
0.42,0.3
0.38,0.3
0.24,0.3
0.16,0.3
0.44,0.3
0.28,0.3
0.28,0.3
0.42,0.3
0.2,0.3
0.38,0.3
0.28,0.3
0.32,0.3
0.2,0.3
0.22,0.3
0.34,0.3
0.22,0.3
0.44,0.3
0.4,0.3
0.3,0.3
0.3,0.3
0.16,0.3
0.26,0.3
0.28,0.3
0.38,0.3
0.36,0.3
0.3,0.3
0.38,0.3
0.3,0.3
0.32,0.3
0.4,0.3
0.32,0.3
0.36,0.3
0.36,0.3
0.32,0.3
0.24,0.3
0.3,0.3
0.34,0.3
0.38,0.3
0.36,0.3
0.38,0.3
0.32,0.3
0.28,0.3
0.36,0.3
0.4,0.3
0.38,0.3
0.3,0.3
0.34,0.3
0.28,0.3
0.2,0.3
0.22,0.3
0.2,0.3
0.4,0.3
0.18,0.3
0.22,0.3
0.28,0.3
0.34,0.3
0.32,0.3
0.42,0.3
0.36,0.3
0.32,0.3
0.28,0.3
0.28,0.3
0.36,0.3
0.28,0.3
0.42,0.3
0.4,0.3
0.34,0.3
0.3,0.3
0.3,0.3
0.4,0.3
0.22,0.3
0.24,0.3
0.26,0.3
0.34,0.3
0.44,0.3
0.28,0.3
0.3,0.3
0.18,0.3
0.44,0.3
0.34,0.3
0.4,0.3
0.2,0.3
0.24,0.3
0.34,0.3
0.26,0.3
0.4,0.3
0.42,0.3
0.36,0.3
0.5,0.3
0.28,0.3
0.14,0.3
0.28,0.3
0.24,0.3
0.26,0.3
0.32,0.3
0.34,0.3
0.4,0.3
0.4,0.3
0.34,0.3
0.32,0.3
0.26,0.3
0.28,0.3
0.4,0.3
0.36,0.3
0.42,0.3
0.24,0.3
0.38,0.3
0.36,0.3
0.3,0.3
0.42,0.3
0.22,0.3
0.38,0.3
0.28,0.3
0.34,0.3
0.22,0.3
0.36,0.3
0.28,0.3
0.48,0.3
0.24,0.3
0.22,0.3
0.2,0.3
0.26,0.3
0.22,0.3
0.26,0.3
0.28,0.3
0.38,0.3
0.26,0.3
0.18,0.3
0.3,0.3
0.46,0.3
0.16,0.3
0.24,0.3
0.36,0.3
0.6,0.3
0.28,0.3
0.22,0.3
0.24,0.3
0.32,0.3
0.2,0.3
0.46,0.3
0.2,0.3
0.34,0.3
0.26,0.3
0.34,0.3
0.38,0.3
0.2,0.3
0.2,0.3
0.28,0.3
0.3,0.3
0.34,0.3
0.18,0.3
0.18,0.3
0.38,0.3
0.2,0.3
0.18,0.3
0.3,0.3
0.4,0.3
0.26,0.3
0.32,0.3
0.22,0.3
0.12,0.3
0.22,0.3
0.2,0.3
0.38,0.3
0.3,0.3
0.36,0.3
0.36,0.3
0.14,0.3
0.26,0.3
0.36,0.3
0.3,0.3
0.3,0.3
0.22,0.3
0.3,0.3
0.24,0.3
0.38,0.3
0.38,0.3
0.32,0.3
0.42,0.3
0.3,0.3
0.2,0.3
0.32,0.3
0.38,0.3
0.24,0.3
0.12,0.3
0.22,0.3
0.38,0.3
0.38,0.3
0.32,0.3
0.28,0.3
0.26,0.3
0.34,0.3
0.18,0.3
0.16,0.3
0.22,0.3
0.32,0.3
0.18,0.3
0.36,0.3
0.24,0.3
0.42,0.3
0.34,0.3
0.34,0.3
0.36,0.3
0.16,0.3
0.34,0.3
0.28,0.3
0.34,0.3
0.32,0.3
0.24,0.3
0.22,0.3
0.3,0.3
0.48,0.3
0.12,0.3
0.48,0.3
0.34,0.3
0.26,0.3
0.36,0.3
0.42,0.3
0.3,0.3
0.3,0.3
0.42,0.3
0.22,0.3
0.34,0.3
0.32,0.3
0.34,0.3
0.4,0.3
0.4,0.3
0.3,0.3
0.24,0.3
0.16,0.3
0.22,0.3
0.32,0.3
0.42,0.3
0.28,0.3
0.34,0.3
0.24,0.3
0.34,0.3
0.44,0.3
0.34,0.3
0.32,0.3
0.52,0.3
0.26,0.3
0.22,0.3
0.34,0.3
0.34,0.3
0.24,0.3
0.2,0.3
0.28,0.3
0.36,0.3
0.28,0.3
0.38,0.3
0.3,0.3
0.38,0.3
0.2,0.3
0.44,0.3
0.24,0.3
0.2,0.3
0.34,0.3
0.36,0.3
0.24,0.3
0.32,0.3
0.44,0.3
0.38,0.3
0.2,0.3
0.32,0.3
0.28,0.3
0.38,0.3
0.24,0.3
0.38,0.3
0.4,0.3
0.36,0.3
0.34,0.3
0.32,0.3
0.26,0.3
0.26,0.3
0.4,0.3
0.3,0.3
0.18,0.3
0.26,0.3
0.24,0.3
0.4,0.3
0.44,0.3
0.2,0.3
0.26,0.3
0.44,0.3
0.4,0.3
0.28,0.3
0.38,0.3
0.24,0.3
0.18,0.3
0.4,0.3
0.26,0.3
0.22,0.3
0.32,0.3
0.2,0.3
0.3,0.3
0.32,0.3
0.28,0.3
0.4,0.3
0.26,0.3
0.3,0.3
0.32,0.3
0.38,0.3
0.48,0.3
0.3,0.3
0.28,0.3
0.26,0.3
0.2,0.3
0.2,0.3
0.32,0.3
0.26,0.3
0.18,0.3
0.42,0.3
0.24,0.3
0.24,0.3
0.42,0.3
0.2,0.3
0.28,0.3
0.36,0.3
0.14,0.3
0.34,0.3
0.36,0.3
0.22,0.3
0.36,0.3
0.36,0.3
0.24,0.3
0.38,0.3
0.38,0.3
0.4,0.3
0.24,0.3
0.34,0.3
0.24,0.3
0.26,0.3
0.28,0.3
0.2,0.3
0.28,0.3
0.34,0.3
0.22,0.3
0.28,0.3
0.38,0.3
0.3,0.3
0.24,0.3
0.26,0.3
0.22,0.3
0.44,0.3
0.22,0.3
0.18,0.3
0.38,0.3
0.06,0.3
0.3,0.3
0.28,0.3
0.42,0.3
0.48,0.3
0.36,0.3
0.26,0.3
0.24,0.3
0.44,0.3
0.32,0.3
0.18,0.3
0.32,0.3
0.26,0.3
0.2,0.3
0.16,0.3
0.18,0.3
0.4,0.3
0.44,0.3
0.22,0.3
0.44,0.3
0.36,0.3
0.26,0.3
0.32,0.3
0.26,0.3
0.42,0.3
0.4,0.3
0.22,0.3
0.3,0.3
0.24,0.3
0.14,0.3
0.42,0.3
0.32,0.3
0.2,0.3
0.36,0.3
0.22,0.3
0.42,0.3
0.3,0.3
0.32,0.3
0.36,0.3
0.14,0.3
0.36,0.3
0.34,0.3
0.12,0.3
0.3,0.3
0.32,0.3
0.32,0.3
0.36,0.3
0.28,0.3
0.28,0.3
0.34,0.3
0.32,0.3
0.32,0.3
0.3,0.3
0.28,0.3
0.4,0.3
0.34,0.3
0.28,0.3
0.14,0.3
0.32,0.3
0.3,0.3
0.4,0.3
0.34,0.3
0.46,0.3
0.34,0.3
0.34,0.3
0.42,0.3
0.2,0.3
0.22,0.3
0.18,0.3
0.3,0.3
0.3,0.3
0.26,0.3
0.36,0.3
0.3,0.2
0.2,0.2
0.18,0.2
0.28,0.2
0.36,0.2
0.24,0.2
0.16,0.2
0.18,0.2
0.28,0.2
0.26,0.2
0.2,0.2
0.22,0.2
0.18,0.2
0.08,0.2
0.14,0.2
0.28,0.2
0.1,0.2
0.12,0.2
0.34,0.2
0.16,0.2
0.2,0.2
0.22,0.2
0.18,0.2
0.12,0.2
0.14,0.2
0.2,0.2
0.2,0.2
0.2,0.2
0.1,0.2
0.16,0.2
0.24,0.2
0.12,0.2
0.18,0.2
0.28,0.2
0.24,0.2
0.08,0.2
0.18,0.2
0.24,0.2
0.22,0.2
0.28,0.2
0.08,0.2
0.2,0.2
0.14,0.2
0.16,0.2
0.22,0.2
0.14,0.2
0.18,0.2
0.12,0.2
0.06,0.2
0.26,0.2
0.18,0.2
0.04,0.2
0.2,0.2
0.2,0.2
0.28,0.2
0.28,0.2
0.22,0.2
0.22,0.2
0.22,0.2
0.18,0.2
0.3,0.2
0.12,0.2
0.32,0.2
0.04,0.2
0.22,0.2
0.32,0.2
0.28,0.2
0.26,0.2
0.24,0.2
0.2,0.2
0.12,0.2
0.06,0.2
0.24,0.2
0.36,0.2
0.12,0.2
0.12,0.2
0.1,0.2
0.08,0.2
0.06,0.2
0.14,0.2
0.16,0.2
0.06,0.2
0.18,0.2
0.32,0.2
0.24,0.2
0.24,0.2
0.2,0.2
0.08,0.2
0.32,0.2
0.2,0.2
0.26,0.2
0.32,0.2
0.16,0.2
0.18,0.2
0.32,0.2
0.04,0.2
0.08,0.2
0.1,0.2
0.14,0.2
0.2,0.2
0.28,0.2
0.2,0.2
0.16,0.2
0.2,0.2
0.22,0.2
0.14,0.2
0.32,0.2
0.18,0.2
0.2,0.2
0.26,0.2
0.24,0.2
0.1,0.2
0.28,0.2
0.1,0.2
0.26,0.2
0.2,0.2
0.2,0.2
0.16,0.2
0.16,0.2
0.14,0.2
0.22,0.2
0.26,0.2
0.24,0.2
0.1,0.2
0.2,0.2
0.22,0.2
0.22,0.2
0.28,0.2
0.16,0.2
0.16,0.2
0.06,0.2
0.16,0.2
0.26,0.2
0.26,0.2
0.32,0.2
0.14,0.2
0.2,0.2
0.18,0.2
0.2,0.2
0.1,0.2
0.32,0.2
0.2,0.2
0.12,0.2
0.16,0.2
0.32,0.2
0.38,0.2
0.3,0.2
0.22,0.2
0.18,0.2
0.1,0.2
0.14,0.2
0.14,0.2
0.14,0.2
0.2,0.2
0.38,0.2
0.1,0.2
0.22,0.2
0.14,0.2
0.3,0.2
0.22,0.2
0.3,0.2
0.3,0.2
0.22,0.2
0.18,0.2
0.26,0.2
0.22,0.2
0.18,0.2
0.28,0.2
0.26,0.2
0.24,0.2
0.28,0.2
0.2,0.2
0.24,0.2
0.24,0.2
0.34,0.2
0.2,0.2
0.14,0.2
0.22,0.2
0.32,0.2
0.2,0.2
0.2,0.2
0.14,0.2
0.16,0.2
0.28,0.2
0.24,0.2
0.16,0.2
0.1,0.2
0.26,0.2
0.26,0.2
0.16,0.2
0.28,0.2
0.22,0.2
0.18,0.2
0.16,0.2
0.26,0.2
0.14,0.2
0.14,0.2
0.44,0.2
0.22,0.2
0.32,0.2
0.14,0.2
0.08,0.2
0.1,0.2
0.2,0.2
0.28,0.2
0.18,0.2
0.3,0.2
0.12,0.2
0.18,0.2
0.2,0.2
0.24,0.2
0.2,0.2
0.3,0.2
0.14,0.2
0.22,0.2
0.16,0.2
0.2,0.2
0.18,0.2
0.24,0.2
0.14,0.2
0.18,0.2
0.16,0.2
0.1,0.2
0.2,0.2
0.26,0.2
0.3,0.2
0.12,0.2
0.18,0.2
0.14,0.2
0.24,0.2
0.12,0.2
0.22,0.2
0.18,0.2
0.2,0.2
0.24,0.2
0.26,0.2
0.26,0.2
0.2,0.2
0.14,0.2
0.18,0.2
0.22,0.2
0.4,0.2
0.3,0.2
0.18,0.2
0.18,0.2
0.22,0.2
0.18,0.2
0.18,0.2
0.16,0.2
0.16,0.2
0.16,0.2
0.24,0.2
0.24,0.2
0.12,0.2
0.14,0.2
0.24,0.2
0.26,0.2
0.22,0.2
0.12,0.2
0.18,0.2
0.22,0.2
0.12,0.2
0.22,0.2
0.16,0.2
0.18,0.2
0.26,0.2
0.28,0.2
0.24,0.2
0.12,0.2
0.34,0.2
0.16,0.2
0.18,0.2
0.28,0.2
0.28,0.2
0.16,0.2
0.14,0.2
0.14,0.2
0.24,0.2
0.34,0.2
0.3,0.2
0.2,0.2
0.24,0.2
0.18,0.2
0.18,0.2
0.28,0.2
0.16,0.2
0.24,0.2
0.16,0.2
0.32,0.2
0.28,0.2
0.24,0.2
0.2,0.2
0.24,0.2
0.08,0.2
0.2,0.2
0.26,0.2
0.1,0.2
0.12,0.2
0.24,0.2
0.18,0.2
0.4,0.2
0.24,0.2
0.18,0.2
0.24,0.2
0.1,0.2
0.24,0.2
0.24,0.2
0.34,0.2
0.3,0.2
0.14,0.2
0.16,0.2
0.3,0.2
0.16,0.2
0.18,0.2
0.22,0.2
0.18,0.2
0.22,0.2
0.2,0.2
0.04,0.2
0.24,0.2
0.24,0.2
0.14,0.2
0.28,0.2
0.06,0.2
0.24,0.2
0.18,0.2
0.18,0.2
0.3,0.2
0.14,0.2
0.18,0.2
0.12,0.2
0.26,0.2
0.36,0.2
0.22,0.2
0.18,0.2
0.06,0.2
0.32,0.2
0.32,0.2
0.18,0.2
0.24,0.2
0.26,0.2
0.24,0.2
0.26,0.2
0.1,0.2
0.08,0.2
0.14,0.2
0.22,0.2
0.08,0.2
0.24,0.2
0.22,0.2
0.26,0.2
0.24,0.2
0.16,0.2
0.14,0.2
0.08,0.2
0.3,0.2
0.2,0.2
0.12,0.2
0.14,0.2
0.26,0.2
0.12,0.2
0.16,0.2
0.18,0.2
0.1,0.2
0.22,0.2
0.12,0.2
0.22,0.2
0.28,0.2
0.14,0.2
0.28,0.2
0.16,0.2
0.14,0.2
0.08,0.2
0.28,0.2
0.32,0.2
0.18,0.2
0.16,0.2
0.2,0.2
0.22,0.2
0.16,0.2
0.12,0.2
0.22,0.2
0.26,0.2
0.22,0.2
0.22,0.2
0.16,0.2
0.34,0.2
0.3,0.2
0.08,0.2
0.3,0.2
0.26,0.2
0.12,0.2
0.14,0.2
0.16,0.2
0.22,0.2
0.22,0.2
0.18,0.2
0.14,0.2
0.14,0.2
0.26,0.2
0.26,0.2
0.26,0.2
0.26,0.2
0.2,0.2
0.2,0.2
0.14,0.2
0.3,0.2
0.2,0.2
0.26,0.2
0.14,0.2
0.2,0.2
0.12,0.2
0.22,0.2
0.18,0.2
0.16,0.2
0.1,0.2
0.24,0.2
0.28,0.2
0.2,0.2
0.12,0.2
0.16,0.2
0.14,0.2
0.16,0.2
0.14,0.2
0.24,0.2
0.1,0.2
0.16,0.2
0.16,0.2
0.3,0.2
0.3,0.2
0.12,0.2
0.24,0.2
0.2,0.2
0.16,0.2
0.28,0.2
0.26,0.2
0.1,0.2
0.18,0.2
0.18,0.2
0.22,0.2
0.1,0.2
0.2,0.2
0.26,0.2
0.18,0.2
0.16,0.2
0.2,0.2
0.12,0.2
0.2,0.2
0.1,0.2
0.24,0.2
0.18,0.2
0.24,0.2
0.2,0.2
0.22,0.2
0.22,0.2
0.16,0.2
0.08,0.2
0.38,0.2
0.22,0.2
0.2,0.2
0.26,0.2
0.22,0.2
0.2,0.2
0.26,0.2
0.14,0.2
0.26,0.2
0.12,0.2
0.26,0.2
0.32,0.2
0.2,0.2
0.26,0.2
0.16,0.2
0.22,0.2
0.2,0.2
0.28,0.2
0.24,0.2
0.14,0.2
0.1,0.2
0.24,0.2
0.14,0.2
0.24,0.2
0.24,0.2
0.2,0.2
0.24,0.2
0.12,0.2
0.18,0.2
0.2,0.2
0.28,0.2
0.18,0.2
0.2,0.2
0.2,0.2
0.16,0.2
0.22,0.2
0.22,0.2
0.18,0.2
0.34,0.2
0.32,0.2
0.18,0.2
0.22,0.2
0.3,0.2
0.22,0.2
0.12,0.2
0.16,0.2
0.16,0.2
0.18,0.2
0.24,0.2
0.18,0.2
0.16,0.2
0.26,0.2
0.14,0.2
0.22,0.2
0.2,0.2
0.14,0.2
0.28,0.2
0.3,0.2
0.2,0.2
0.14,0.2
0.46,0.2
0.28,0.2
0.18,0.2
0.24,0.2
0.26,0.2
0.2,0.2
0.08,0.2
0.12,0.2
0.22,0.2
0.22,0.2
0.18,0.2
0.2,0.2
0.18,0.2
0.22,0.2
0.18,0.2
0.12,0.2
0.1,0.2
0.22,0.2
0.18,0.2
0.22,0.2
0.22,0.2
0.12,0.2
0.32,0.2
0.1,0.2
0.26,0.2
0.24,0.2
0.18,0.2
0.2,0.2
0.3,0.2
0.2,0.2
0.16,0.2
0.22,0.2
0.22,0.2
0.18,0.2
0.2,0.2
0.1,0.2
0.28,0.2
0.24,0.2
0.18,0.2
0.28,0.2
0.3,0.2
0.1,0.2
0.18,0.2
0.1,0.2
0.22,0.2
0.32,0.2
0.16,0.2
0.3,0.2
0.14,0.2
0.32,0.2
0.1,0.2
0.26,0.2
0.3,0.2
0.28,0.2
0.2,0.2
0.18,0.2
0.26,0.2
0.14,0.2
0.22,0.2
0.22,0.2
0.26,0.2
0.28,0.2
0.14,0.2
0.24,0.2
0.14,0.2
0.34,0.2
0.2,0.2
0.1,0.2
0.22,0.2
0.2,0.2
0.1,0.2
0.24,0.2
0.14,0.2
0.22,0.2
0.08,0.2
0.26,0.2
0.18,0.2
0.16,0.2
0.2,0.2
0.26,0.2
0.24,0.2
0.18,0.2
0.44,0.2
0.26,0.2
0.22,0.2
0.14,0.2
0.16,0.2
0.26,0.2
0.2,0.2
0.18,0.2
0.06,0.2
0.12,0.2
0.24,0.2
0.12,0.2
0.3,0.2
0.18,0.2
0.1,0.2
0.26,0.2
0.24,0.2
0.14,0.2
0.24,0.2
0.24,0.2
0.2,0.2
0.18,0.2
0.22,0.2
0.28,0.2
0.2,0.2
0.2,0.2
0.12,0.2
0.42,0.2
0.12,0.2
0.32,0.2
0.22,0.2
0.24,0.2
0.16,0.2
0.14,0.2
0.18,0.2
0.2,0.2
0.12,0.2
0.06,0.2
0.12,0.2
0.38,0.2
0.18,0.2
0.3,0.2
0.26,0.2
0.16,0.2
0.18,0.2
0.14,0.2
0.2,0.2
0.24,0.2
0.08,0.2
0.16,0.2
0.24,0.2
0.24,0.2
0.1,0.2
0.22,0.2
0.14,0.2
0.22,0.2
0.28,0.2
0.22,0.2
0.14,0.2
0.22,0.2
0.22,0.2
0.1,0.2
0.24,0.2
0.18,0.2
0.3,0.2
0.36,0.2
0.12,0.2
0.24,0.2
0.1,0.2
0.18,0.2
0.28,0.2
0.18,0.2
0.2,0.2
0.08,0.2
0.18,0.2
0.28,0.2
0.14,0.2
0.2,0.2
0.22,0.2
0.2,0.2
0.1,0.2
0.1,0.2
0.28,0.2
0.1,0.2
0.18,0.2
0.12,0.2
0.16,0.2
0.28,0.2
0.18,0.2
0.16,0.2
0.04,0.2
0.16,0.2
0.24,0.2
0.26,0.2
0.12,0.2
0.22,0.2
0.14,0.2
0.28,0.2
0.12,0.2
0.18,0.2
0.26,0.2
0.2,0.2
0.34,0.2
0.16,0.2
0.26,0.2
0.22,0.2
0.18,0.2
0.22,0.2
0.26,0.2
0.2,0.2
0.24,0.2
0.3,0.2
0.16,0.2
0.32,0.2
0.16,0.2
0.18,0.2
0.24,0.2
0.26,0.2
0.26,0.2
0.24,0.2
0.22,0.2
0.26,0.2
0.18,0.2
0.18,0.2
0.24,0.2
0.12,0.2
0.3,0.2
0.24,0.2
0.24,0.2
0.12,0.2
0.28,0.2
0.18,0.2
0.16,0.2
0.18,0.2
0.22,0.2
0.12,0.2
0.18,0.2
0.26,0.2
0.3,0.2
0.2,0.2
0.16,0.2
0.12,0.2
0.18,0.2
0.28,0.2
0.28,0.2
0.28,0.2
0.22,0.2
0.16,0.2
0.18,0.2
0.12,0.2
0.24,0.2
0.32,0.2
0.2,0.2
0.18,0.2
0.14,0.2
0.12,0.2
0.3,0.2
0.2,0.2
0.28,0.2
0.16,0.2
0.08,0.2
0.22,0.2
0.22,0.2
0.18,0.2
0.22,0.2
0.26,0.2
0.26,0.2
0.2,0.2
0.24,0.2
0.18,0.2
0.2,0.2
0.12,0.2
0.24,0.2
0.16,0.2
0.16,0.2
0.28,0.2
0.14,0.2
0.06,0.2
0.36,0.2
0.2,0.2
0.34,0.2
0.24,0.2
0.2,0.2
0.16,0.2
0.28,0.2
0.16,0.2
0.22,0.2
0.22,0.2
0.24,0.2
0.16,0.2
0.16,0.2
0.2,0.2
0.12,0.2
0.22,0.2
0.28,0.2
0.16,0.2
0.24,0.2
0.26,0.2
0.2,0.2
0.22,0.2
0.3,0.2
0.28,0.2
0.26,0.2
0.2,0.2
0.2,0.2
0.24,0.2
0.16,0.2
0.16,0.2
0.2,0.2
0.12,0.2
0.18,0.2
0.14,0.2
0.22,0.2
0.16,0.2
0.18,0.2
0.16,0.2
0.18,0.2
0.26,0.2
0.1,0.2
0.16,0.2
0.24,0.2
0.18,0.2
0.18,0.2
0.22,0.2
0.1,0.2
0.18,0.2
0.28,0.2
0.32,0.2
0.22,0.2
0.18,0.2
0.2,0.2
0.14,0.2
0.24,0.2
0.1,0.2
0.2,0.2
0.22,0.2
0.14,0.2
0.18,0.2
0.12,0.2
0.18,0.2
0.16,0.2
0.2,0.2
0.16,0.2
0.18,0.2
0.22,0.2
0.3,0.2
0.14,0.2
0.16,0.2
0.16,0.2
0.18,0.2
0.14,0.2
0.22,0.2
0.18,0.2
0.2,0.2
0.24,0.2
0.1,0.2
0.1,0.2
0.28,0.2
0.14,0.2
0.18,0.2
0.18,0.2
0.28,0.2
0.16,0.2
0.24,0.2
0.3,0.2
0.26,0.2
0.06,0.2
0.16,0.2
0.28,0.2
0.18,0.2
0.16,0.2
0.14,0.2
0.16,0.2
0.12,0.2
0.16,0.2
0.2,0.2
0.14,0.2
0.16,0.2
0.12,0.2
0.2,0.2
0.16,0.2
0.16,0.2
0.2,0.2
0.22,0.2
0.24,0.2
0.1,0.2
0.2,0.2
0.2,0.2
0.26,0.2
0.38,0.2
0.18,0.2
0.1,0.2
0.24,0.2
0.14,0.2
0.24,0.2
0.18,0.2
0.04,0.2
0.28,0.2
0.26,0.2
0.16,0.2
0.18,0.2
0.12,0.2
0.24,0.2
0.26,0.2
0.26,0.2
0.18,0.2
0.16,0.2
0.16,0.2
0.26,0.2
0.28,0.2
0.14,0.2
0.26,0.2
0.22,0.2
0.28,0.2
0.26,0.2
0.2,0.2
0.22,0.2
0.28,0.2
0.2,0.2
0.16,0.2
0.28,0.2
0.3,0.2
0.12,0.2
0.2,0.2
0.22,0.2
0.16,0.2
0.2,0.2
0.26,0.2
0.2,0.2
0.08,0.2
0.1,0.2
0.22,0.2
0.26,0.2
0.16,0.2
0.16,0.2
0.12,0.2
0.22,0.2
0.14,0.2
0.2,0.2
0.16,0.2
0.24,0.2
0.08,0.2
0.2,0.2
0.12,0.2
0.18,0.2
0.2,0.2
0.16,0.2
0.26,0.2
0.2,0.2
0.14,0.2
0.22,0.2
0.28,0.2
0.16,0.2
0.12,0.2
0.32,0.2
0.08,0.2
0.22,0.2
0.2,0.2
0.2,0.2
0.2,0.2
0.14,0.2
0.26,0.2
0.2,0.2
0.28,0.2
0.22,0.2
0.28,0.2
0.26,0.2
0.22,0.2
0.14,0.2
0.22,0.2
0.26,0.2
0.14,0.2
0.18,0.2
0.24,0.2
0.24,0.2
0.16,0.2
0.34,0.2
0.14,0.2
0.14,0.2
0.24,0.2
0.16,0.2
0.12,0.2
0.22,0.2
0.2,0.2
0.26,0.2
0.12,0.2
0.22,0.2
0.2,0.2
0.24,0.2
0.16,0.2
0.28,0.2
0.22,0.2
0.1,0.2
0.12,0.2
0.28,0.2
0.16,0.2
0.22,0.2
0.2,0.2
0.12,0.2
0.28,0.2
0.1,0.2
0.06,0.1
0.16,0.1
0.24,0.1
0.1,0.1
0.08,0.1
0.12,0.1
0.06,0.1
0.04,0.1
0.08,0.1
0.16,0.1
0.02,0.1
0.04,0.1
0,0.1
0.1,0.1
0.08,0.1
0.1,0.1
0.12,0.1
0.12,0.1
0.06,0.1
0.06,0.1
0.12,0.1
0.14,0.1
0.18,0.1
0.04,0.1
0.04,0.1
0,0.1
0.08,0.1
0.12,0.1
0.12,0.1
0.06,0.1
0.08,0.1
0.16,0.1
0.04,0.1
0.1,0.1
0.2,0.1
0.08,0.1
0.06,0.1
0.08,0.1
0.08,0.1
0.06,0.1
0.08,0.1
0.08,0.1
0.04,0.1
0.06,0.1
0.16,0.1
0.04,0.1
0.12,0.1
0.14,0.1
0.04,0.1
0.12,0.1
0.16,0.1
0.12,0.1
0.04,0.1
0.16,0.1
0.1,0.1
0.1,0.1
0.1,0.1
0.04,0.1
0.16,0.1
0.02,0.1
0.02,0.1
0.1,0.1
0.24,0.1
0.1,0.1
0.06,0.1
0.1,0.1
0.02,0.1
0.1,0.1
0.12,0.1
0.08,0.1
0.18,0.1
0.12,0.1
0.08,0.1
0.06,0.1
0.12,0.1
0.1,0.1
0.12,0.1
0.12,0.1
0.1,0.1
0,0.1
0.1,0.1
0.08,0.1
0.14,0.1
0.1,0.1
0.1,0.1
0.06,0.1
0.18,0.1
0.12,0.1
0.08,0.1
0.14,0.1
0.06,0.1
0.04,0.1
0.08,0.1
0.04,0.1
0.1,0.1
0.16,0.1
0.14,0.1
0.12,0.1
0.1,0.1
0.02,0.1
0.12,0.1
0.1,0.1
0.08,0.1
0.12,0.1
0.04,0.1
0.18,0.1
0.06,0.1
0,0.1
0.12,0.1
0.22,0.1
0.1,0.1
0.08,0.1
0.04,0.1
0.08,0.1
0.24,0.1
0.04,0.1
0.06,0.1
0.1,0.1
0.04,0.1
0.16,0.1
0.04,0.1
0.18,0.1
0.1,0.1
0.08,0.1
0.12,0.1
0.12,0.1
0.06,0.1
0.06,0.1
0.04,0.1
0.18,0.1
0.02,0.1
0.1,0.1
0.08,0.1
0.1,0.1
0.08,0.1
0.12,0.1
0.26,0.1
0.06,0.1
0.1,0.1
0.14,0.1
0.12,0.1
0.04,0.1
0.12,0.1
0.1,0.1
0.14,0.1
0.08,0.1
0.08,0.1
0.2,0.1
0.08,0.1
0.12,0.1
0.08,0.1
0,0.1
0.12,0.1
0.06,0.1
0.08,0.1
0.04,0.1
0.18,0.1
0.16,0.1
0.16,0.1
0.06,0.1
0.12,0.1
0.08,0.1
0.18,0.1
0.1,0.1
0.14,0.1
0.12,0.1
0.18,0.1
0.08,0.1
0.16,0.1
0.14,0.1
0.2,0.1
0.08,0.1
0.08,0.1
0.16,0.1
0.14,0.1
0.1,0.1
0.04,0.1
0.1,0.1
0.02,0.1
0.08,0.1
0.1,0.1
0.14,0.1
0.2,0.1
0.08,0.1
0.08,0.1
0.12,0.1
0.16,0.1
0.24,0.1
0.02,0.1
0.06,0.1
0.06,0.1
0.08,0.1
0.14,0.1
0.1,0.1
0.18,0.1
0.1,0.1
0.08,0.1
0.14,0.1
0.08,0.1
0.1,0.1
0.04,0.1
0.14,0.1
0.06,0.1
0.14,0.1
0.1,0.1
0.1,0.1
0.08,0.1
0.02,0.1
0.12,0.1
0.1,0.1
0.14,0.1
0.16,0.1
0.1,0.1
0.04,0.1
0.04,0.1
0.14,0.1
0.06,0.1
0.12,0.1
0.02,0.1
0.14,0.1
0.06,0.1
0.06,0.1
0.24,0.1
0.04,0.1
0.02,0.1
0.14,0.1
0.06,0.1
0.08,0.1
0.14,0.1
0.06,0.1
0.12,0.1
0.06,0.1
0.16,0.1
0.12,0.1
0.2,0.1
0.16,0.1
0.14,0.1
0.04,0.1
0.16,0.1
0.14,0.1
0.1,0.1
0.22,0.1
0.12,0.1
0.06,0.1
0.06,0.1
0.02,0.1
0.08,0.1
0.08,0.1
0.12,0.1
0.06,0.1
0.12,0.1
0.1,0.1
0.02,0.1
0.06,0.1
0.06,0.1
0.26,0.1
0.06,0.1
0.16,0.1
0.12,0.1
0.06,0.1
0.2,0.1
0.12,0.1
0.14,0.1
0.02,0.1
0.12,0.1
0.24,0.1
0.04,0.1
0.08,0.1
0.2,0.1
0.06,0.1
0.04,0.1
0.06,0.1
0.1,0.1
0.18,0.1
0.14,0.1
0.06,0.1
0.16,0.1
0.08,0.1
0.12,0.1
0.1,0.1
0.08,0.1
0.06,0.1
0.12,0.1
0.12,0.1
0.12,0.1
0.12,0.1
0.06,0.1
0.08,0.1
0.1,0.1
0.14,0.1
0.1,0.1
0.12,0.1
0.06,0.1
0.08,0.1
0.04,0.1
0.08,0.1
0.24,0.1
0.04,0.1
0.14,0.1
0.22,0.1
0.14,0.1
0.04,0.1
0.12,0.1
0,0.1
0.12,0.1
0.04,0.1
0.04,0.1
0.1,0.1
0.06,0.1
0.02,0.1
0.08,0.1
0.08,0.1
0.04,0.1
0.16,0.1
0.12,0.1
0.12,0.1
0.14,0.1
0.18,0.1
0.1,0.1
0.02,0.1
0.04,0.1
0.06,0.1
0.18,0.1
0.08,0.1
0.14,0.1
0.08,0.1
0.06,0.1
0.12,0.1
0.16,0.1
0.06,0.1
0.08,0.1
0.12,0.1
0.02,0.1
0.18,0.1
0.08,0.1
0.06,0.1
0.04,0.1
0.02,0.1
0.22,0.1
0.12,0.1
0.02,0.1
0.1,0.1
0.1,0.1
0.1,0.1
0.02,0.1
0.1,0.1
0.06,0.1
0.08,0.1
0.06,0.1
0.08,0.1
0.06,0.1
0.02,0.1
0.02,0.1
0.28,0.1
0.12,0.1
0.18,0.1
0.1,0.1
0.14,0.1
0.06,0.1
0.04,0.1
0.12,0.1
0.12,0.1
0.06,0.1
0.12,0.1
0.04,0.1
0.18,0.1
0.16,0.1
0.1,0.1
0.1,0.1
0.1,0.1
0.04,0.1
0.02,0.1
0.12,0.1
0.08,0.1
0.04,0.1
0.08,0.1
0.16,0.1
0.06,0.1
0.14,0.1
0.1,0.1
0.08,0.1
0.18,0.1
0.2,0.1
0.06,0.1
0.06,0.1
0.14,0.1
0.14,0.1
0.08,0.1
0.06,0.1
0.12,0.1
0.2,0.1
0.02,0.1
0.12,0.1
0.12,0.1
0.14,0.1
0.08,0.1
0.1,0.1
0.1,0.1
0.06,0.1
0.06,0.1
0.06,0.1
0.16,0.1
0.1,0.1
0.08,0.1
0.14,0.1
0.02,0.1
0.12,0.1
0.08,0.1
0.08,0.1
0.08,0.1
0.04,0.1
0.06,0.1
0.06,0.1
0.04,0.1
0.06,0.1
0.08,0.1
0.1,0.1
0.16,0.1
0.16,0.1
0.14,0.1
0.08,0.1
0.12,0.1
0.14,0.1
0.14,0.1
0.2,0.1
0.12,0.1
0.12,0.1
0.14,0.1
0.12,0.1
0.04,0.1
0.16,0.1
0.14,0.1
0.2,0.1
0.06,0.1
0.08,0.1
0.12,0.1
0.04,0.1
0.02,0.1
0.14,0.1
0.04,0.1
0.02,0.1
0.16,0.1
0.06,0.1
0.02,0.1
0.18,0.1
0.04,0.1
0.14,0.1
0.08,0.1
0.12,0.1
0.02,0.1
0.06,0.1
0.04,0.1
0.14,0.1
0.12,0.1
0.18,0.1
0.1,0.1
0.12,0.1
0.08,0.1
0.08,0.1
0.1,0.1
0.1,0.1
0.18,0.1
0.14,0.1
0.06,0.1
0.14,0.1
0.1,0.1
0.14,0.1
0.1,0.1
0.08,0.1
0.14,0.1
0.06,0.1
0.14,0.1
0.1,0.1
0.08,0.1
0.04,0.1
0.06,0.1
0.06,0.1
0.12,0.1
0.1,0.1
0.12,0.1
0.1,0.1
0.06,0.1
0.04,0.1
0.22,0.1
0.14,0.1
0.12,0.1
0.1,0.1
0.08,0.1
0.1,0.1
0.16,0.1
0.1,0.1
0.06,0.1
0.08,0.1
0.02,0.1
0.24,0.1
0.1,0.1
0.08,0.1
0.16,0.1
0.1,0.1
0.08,0.1
0.08,0.1
0.08,0.1
0.06,0.1
0.08,0.1
0.1,0.1
0,0.1
0.02,0.1
0.06,0.1
0.06,0.1
0.06,0.1
0.16,0.1
0.1,0.1
0.04,0.1
0.06,0.1
0.2,0.1
0.04,0.1
0.12,0.1
0.08,0.1
0.1,0.1
0.02,0.1
0.08,0.1
0.02,0.1
0.06,0.1
0.1,0.1
0.12,0.1
0.04,0.1
0.1,0.1
0.16,0.1
0.1,0.1
0.02,0.1
0.08,0.1
0.14,0.1
0.14,0.1
0.04,0.1
0.08,0.1
0.12,0.1
0.1,0.1
0.04,0.1
0.06,0.1
0.18,0.1
0.12,0.1
0.1,0.1
0.08,0.1
0.04,0.1
0.14,0.1
0.08,0.1
0.14,0.1
0.12,0.1
0.16,0.1
0.2,0.1
0.1,0.1
0.06,0.1
0.08,0.1
0.26,0.1
0.16,0.1
0.1,0.1
0.14,0.1
0.12,0.1
0.04,0.1
0.02,0.1
0.14,0.1
0.12,0.1
0.14,0.1
0.08,0.1
0.14,0.1
0.16,0.1
0.04,0.1
0.06,0.1
0.04,0.1
0.04,0.1
0.12,0.1
0.2,0.1
0.14,0.1
0.12,0.1
0.14,0.1
0.06,0.1
0.16,0.1
0.06,0.1
0.06,0.1
0.06,0.1
0.04,0.1
0.2,0.1
0.04,0.1
0.06,0.1
0.1,0.1
0.08,0.1
0.08,0.1
0.08,0.1
0.14,0.1
0.1,0.1
0.08,0.1
0.04,0.1
0.14,0.1
0.14,0.1
0.02,0.1
0.06,0.1
0.02,0.1
0.04,0.1
0.2,0.1
0.04,0.1
0.1,0.1
0.06,0.1
0.06,0.1
0.12,0.1
0.14,0.1
0.06,0.1
0.08,0.1
0.14,0.1
0.08,0.1
0.08,0.1
0.12,0.1
0.04,0.1
0.1,0.1
0.06,0.1
0.12,0.1
0.1,0.1
0.16,0.1
0.08,0.1
0.08,0.1
0.14,0.1
0.14,0.1
0.12,0.1
0.12,0.1
0,0.1
0.02,0.1
0.08,0.1
0.12,0.1
0.12,0.1
0.08,0.1
0.16,0.1
0.16,0.1
0.1,0.1
0.1,0.1
0.14,0.1
0.16,0.1
0.06,0.1
0.06,0.1
0.1,0.1
0.12,0.1
0.1,0.1
0.08,0.1
0.08,0.1
0.12,0.1
0.12,0.1
0.1,0.1
0.18,0.1
0.02,0.1
0.06,0.1
0.14,0.1
0.02,0.1
0.08,0.1
0.1,0.1
0.06,0.1
0.12,0.1
0.04,0.1
0.08,0.1
0.12,0.1
0.18,0.1
0.1,0.1
0.08,0.1
0.02,0.1
0.08,0.1
0.16,0.1
0.12,0.1
0.12,0.1
0.06,0.1
0.16,0.1
0.08,0.1
0.06,0.1
0.18,0.1
0.14,0.1
0.16,0.1
0.12,0.1
0.14,0.1
0.02,0.1
0.16,0.1
0.1,0.1
0.04,0.1
0.08,0.1
0.02,0.1
0.08,0.1
0.08,0.1
0.16,0.1
0.12,0.1
0.2,0.1
0.08,0.1
0.06,0.1
0.12,0.1
0.1,0.1
0.04,0.1
0.06,0.1
0.06,0.1
0.06,0.1
0.08,0.1
0.06,0.1
0.08,0.1
0.14,0.1
0.14,0.1
0.1,0.1
0.08,0.1
0.1,0.1
0.18,0.1
0.1,0.1
0.04,0.1
0.16,0.1
0.1,0.1
0.08,0.1
0.12,0.1
0.1,0.1
0.06,0.1
0.16,0.1
0.08,0.1
0.06,0.1
0,0.1
0.04,0.1
0.12,0.1
0.06,0.1
0.1,0.1
0.06,0.1
0.02,0.1
0.12,0.1
0.04,0.1
0.06,0.1
0.12,0.1
0.08,0.1
0.08,0.1
0.02,0.1
0.08,0.1
0.16,0.1
0.1,0.1
0.06,0.1
0.08,0.1
0.1,0.1
0.12,0.1
0.06,0.1
0.08,0.1
0.06,0.1
0.16,0.1
0.2,0.1
0.08,0.1
0.22,0.1
0.06,0.1
0.04,0.1
0.08,0.1
0,0.1
0.1,0.1
0.1,0.1
0.06,0.1
0.08,0.1
0.06,0.1
0.16,0.1
0.18,0.1
0.08,0.1
0.14,0.1
0.06,0.1
0.06,0.1
0.04,0.1
0.16,0.1
0.06,0.1
0.22,0.1
0.08,0.1
0.18,0.1
0.14,0.1
0.08,0.1
0.18,0.1
0.08,0.1
0.08,0.1
0.16,0.1
0.2,0.1
0.1,0.1
0.24,0.1
0.06,0.1
0.18,0.1
0.14,0.1
0.14,0.1
0.06,0.1
0.18,0.1
0.04,0.1
0.1,0.1
0.1,0.1
0.1,0.1
0.06,0.1
0.12,0.1
0.12,0.1
0.14,0.1
0.04,0.1
0.08,0.1
0.1,0.1
0.08,0.1
0.06,0.1
0.2,0.1
0.04,0.1
0.1,0.1
0.08,0.1
0,0.1
0.04,0.1
0,0.1
0.1,0.1
0.02,0.1
0.02,0.1
0.02,0.1
0.06,0.1
0.12,0.1
0.2,0.1
0.08,0.1
0.14,0.1
0.04,0.1
0.02,0.1
0.12,0.1
0.12,0.1
0.06,0.1
0.04,0.1
0.08,0.1
0.14,0.1
0.12,0.1
0.1,0.1
0.1,0.1
0.06,0.1
0.02,0.1
0.06,0.1
0.08,0.1
0.2,0.1
0.08,0.1
0.06,0.1
0.02,0.1
0.04,0.1
0.1,0.1
0.06,0.1
0.08,0.1
0.14,0.1
0.14,0.1
0.08,0.1
0.06,0.1
0.08,0.1
0.08,0.1
0,0.1
0.24,0.1
0.12,0.1
0.14,0.1
0.08,0.1
0.04,0.1
0.18,0.1
0.08,0.1
0.12,0.1
0.08,0.1
0.14,0.1
0.16,0.1
0.1,0.1
0.08,0.1
0.14,0.1
0.1,0.1
0.06,0.1
0.08,0.1
0.12,0.1
0.14,0.1
0.12,0.1
0.02,0.1
0.1,0.1
0.08,0.1
0.14,0.1
0.02,0.1
0.06,0.1
0.12,0.1
0.04,0.1
0.12,0.1
0.16,0.1
0.04,0.1
0,0.1
0.02,0.1
0.12,0.1
0.16,0.1
0.06,0.1
0.12,0.1
0.04,0.1
0.2,0.1
0.08,0.1
0.18,0.1
0.1,0.1
0.12,0.1
0.06,0.1
0.08,0.1
0.08,0.1
0.12,0.1
0.08,0.1
0.06,0.1
0.12,0.1
0.08,0.1
0.04,0.1
0.06,0.1
0.14,0.1
0.14,0.1
0,0.1
0.12,0.1
0.1,0.1
0.14,0.1
0.14,0.1
0.08,0.1
0.16,0.1
0.14,0.1
0.06,0.1
0.06,0.1
0.1,0.1
0.08,0.1
0.06,0.1
0.16,0.1
0.04,0.1
0.2,0.1
0.04,0.1
0.12,0.1
0.14,0.1
0.04,0.1
0.16,0.1
0.04,0.1
0.04,0.1
0.26,0.1
0.08,0.1
0.12,0.1
0.16,0.1
0.04,0.1
0.06,0.1
0.06,0.1
0.18,0.1
0.12,0.1
0.06,0.1
0.12,0.1
0.06,0.1
0.14,0.1
0.16,0.1
0.04,0.1
0.02,0.1
0.14,0.1
0.14,0.1
0.1,0.1
0.06,0.1
0.08,0.1
0.04,0.1
0.1,0.1
0.2,0.1
0.02,0.1
0.16,0.1
0.04,0.1
0.06,0.1
0.24,0.1
0.04,0.1
0.2,0.1
0.02,0.1
0.1,0.1
0.2,0.1
0.04,0.1
0.06,0.1
0.1,0.1
0.14,0.1
0.1,0.1
0.14,0.1
0.12,0.1
0.1,0.1
0.02,0.1
0.14,0.1
0.22,0.1
0.04,0.1
0.12,0.1
0.18,0.1
0.14,0.1
0.06,0.1
0.14,0.1
0.1,0.1
0.1,0.1
0.02,0.1
0.08,0.1
0.1,0.1
0.08,0.1
0.06,0.1
0.06,0.1
0.06,0.1
0.1,0.1
0.06,0.1
0.04,0.1
0.02,0.1
0.1,0.1
0.18,0.1
0.04,0.1
0.24,0.1
0.06,0.1
0.1,0.1
0.04,0.1
0.2,0.1
0.14,0.1
0.08,0.1
0.06,0.1
0.08,0.1
0.1,0.1
0.12,0.1
0.06,0.1
0.1,0.1
0.06,0.1
0.1,0.1
0.04,0.1
0.16,0.1
0.1,0.1
0.06,0.1