"","FSS.5.100","FSS.4.100","FSS.3.100","FSS.2.100","FSS.1.100"
"1",0.47,0.46,0.18,0.24,0.06
"2",0.5,0.49,0.38,0.08,0.14
"3",0.47,0.41,0.42,0.21,0.08
"4",0.46,0.49,0.35,0.34,0.13
"5",0.46,0.52,0.27,0.22,0.05
"6",0.53,0.49,0.34,0.13,0.08
"7",0.5,0.36,0.31,0.19,0.05
"8",0.51,0.32,0.28,0.14,0.04
"9",0.53,0.42,0.31,0.31,0.04
"10",0.57,0.39,0.24,0.15,0.14
"11",0.6,0.4,0.38,0.17,0.07
"12",0.38,0.34,0.28,0.19,0.09
"13",0.66,0.46,0.27,0.23,0.06
"14",0.45,0.49,0.38,0.13,0.1
"15",0.49,0.4,0.19,0.13,0.09
"16",0.46,0.3,0.23,0.12,0.08
"17",0.43,0.33,0.13,0.1,0.04
"18",0.44,0.42,0.27,0.22,0.09
"19",0.51,0.41,0.37,0.22,0.11
"20",0.48,0.39,0.2,0.18,0.1
"21",0.47,0.38,0.32,0.18,0.08
"22",0.55,0.41,0.43,0.16,0.1
"23",0.43,0.38,0.24,0.2,0.12
"24",0.49,0.45,0.34,0.18,0.13
"25",0.5,0.34,0.28,0.17,0.01
"26",0.41,0.45,0.4,0.16,0.07
"27",0.48,0.42,0.31,0.11,0.06
"28",0.47,0.41,0.32,0.2,0.23
"29",0.64,0.33,0.36,0.09,0.09
"30",0.55,0.37,0.3,0.22,0.1
"31",0.5,0.35,0.37,0.19,0.06
"32",0.43,0.39,0.32,0.23,0.1
"33",0.44,0.33,0.34,0.36,0.13
"34",0.42,0.44,0.23,0.24,0.07
"35",0.54,0.46,0.48,0.25,0.09
"36",0.57,0.43,0.21,0.1,0.15
"37",0.58,0.33,0.29,0.18,0.09
"38",0.47,0.28,0.4,0.11,0.12
"39",0.42,0.33,0.35,0.24,0.11
"40",0.45,0.42,0.19,0.26,0.04
"41",0.45,0.38,0.26,0.17,0.03
"42",0.54,0.38,0.3,0.25,0.09
"43",0.34,0.51,0.31,0.23,0.11
"44",0.52,0.36,0.21,0.21,0.13
"45",0.46,0.41,0.3,0.25,0.12
"46",0.48,0.36,0.18,0.19,0.02
"47",0.43,0.46,0.16,0.12,0.08
"48",0.43,0.46,0.23,0.12,0.13
"49",0.49,0.34,0.3,0.11,0.12
"50",0.43,0.45,0.36,0.26,0.06
"51",0.41,0.25,0.37,0.21,0.13
"52",0.52,0.43,0.25,0.22,0.18
"53",0.43,0.52,0.32,0.19,0.1
"54",0.45,0.5,0.27,0.12,0.09
"55",0.42,0.39,0.27,0.16,0.05
"56",0.44,0.32,0.37,0.29,0.06
"57",0.54,0.36,0.28,0.23,0.03
"58",0.67,0.32,0.27,0.32,0.1
"59",0.41,0.26,0.32,0.34,0.11
"60",0.5,0.33,0.32,0.29,0.06
"61",0.63,0.31,0.31,0.2,0.01
"62",0.53,0.38,0.25,0.15,0.08
"63",0.55,0.4,0.3,0.29,0.06
"64",0.4,0.36,0.23,0.1,0.11
"65",0.61,0.38,0.28,0.21,0.13
"66",0.6,0.32,0.3,0.25,0.07
"67",0.46,0.5,0.23,0.22,0.03
"68",0.44,0.38,0.29,0.21,0.05
"69",0.41,0.34,0.38,0.13,0.1
"70",0.5,0.56,0.23,0.19,0.09
"71",0.55,0.48,0.21,0.17,0.09
"72",0.6,0.56,0.22,0.13,0.12
"73",0.41,0.43,0.28,0.21,0.11
"74",0.49,0.3,0.23,0.2,0.07
"75",0.35,0.43,0.2,0.22,0.1
"76",0.44,0.45,0.29,0.09,0.06
"77",0.64,0.38,0.21,0.2,0.05
"78",0.52,0.41,0.32,0.16,0.11
"79",0.49,0.39,0.26,0.13,0.1
"80",0.38,0.45,0.38,0.16,0.03
"81",0.61,0.45,0.31,0.25,0.09
"82",0.44,0.48,0.34,0.15,0.14
"83",0.5,0.35,0.23,0.21,0.1
"84",0.46,0.42,0.31,0.21,0.02
"85",0.43,0.3,0.38,0.14,0.03
"86",0.58,0.39,0.28,0.31,0.14
"87",0.57,0.33,0.34,0.17,0.13
"88",0.47,0.38,0.26,0.13,0.17
"89",0.53,0.41,0.27,0.26,0.05
"90",0.47,0.46,0.16,0.25,0.09
"91",0.59,0.39,0.31,0.19,0.06
"92",0.53,0.38,0.36,0.21,0.07
"93",0.52,0.37,0.35,0.16,0.13
"94",0.62,0.34,0.29,0.13,0.03
"95",0.42,0.34,0.22,0.26,0.02
"96",0.56,0.44,0.37,0.11,0.1
"97",0.45,0.34,0.24,0.07,0.06
"98",0.5,0.56,0.15,0.2,0.16
"99",0.53,0.51,0.44,0.08,0.03
"100",0.55,0.43,0.27,0.21,0.05
"101",0.63,0.46,0.29,0.18,0.11
"102",0.55,0.36,0.22,0.17,0.12
"103",0.53,0.44,0.34,0.26,0.02
"104",0.49,0.33,0.31,0.12,0.19
"105",0.44,0.41,0.4,0.2,0.07
"106",0.71,0.37,0.43,0.17,0.13
"107",0.6,0.32,0.23,0.24,0.09
"108",0.42,0.45,0.2,0.25,0.04
"109",0.51,0.39,0.35,0.26,0.12
"110",0.43,0.32,0.3,0.2,0.2
"111",0.49,0.42,0.43,0.24,0.07
"112",0.42,0.34,0.24,0.16,0.1
"113",0.51,0.42,0.41,0.21,0.08
"114",0.45,0.47,0.37,0.12,0.03
"115",0.5,0.33,0.38,0.13,0.17
"116",0.41,0.31,0.32,0.23,0.16
"117",0.48,0.33,0.36,0.23,0.05
"118",0.42,0.43,0.19,0.26,0.18
"119",0.53,0.43,0.29,0.24,0.05
"120",0.56,0.54,0.24,0.16,0.12
"121",0.46,0.45,0.35,0.17,0.09
"122",0.49,0.37,0.36,0.16,0.1
"123",0.44,0.43,0.29,0.2,0.07
"124",0.42,0.31,0.31,0.13,0.15
"125",0.39,0.38,0.39,0.23,0.11
"126",0.46,0.48,0.39,0.19,0.1
"127",0.5,0.45,0.3,0.25,0.06
"128",0.52,0.28,0.26,0.22,0.06
"129",0.52,0.39,0.25,0.2,0.04
"130",0.45,0.48,0.16,0.17,0.06
"131",0.45,0.53,0.24,0.14,0.03
"132",0.49,0.28,0.22,0.16,0.15
"133",0.49,0.3,0.4,0.26,0.11
"134",0.49,0.44,0.28,0.16,0.05
"135",0.47,0.33,0.33,0.24,0.11
"136",0.63,0.5,0.25,0.22,0.09
"137",0.44,0.37,0.34,0.21,0.06
"138",0.5,0.39,0.25,0.18,0.13
"139",0.55,0.37,0.27,0.21,0.1
"140",0.53,0.49,0.16,0.19,0.07
"141",0.52,0.49,0.34,0.22,0.12
"142",0.43,0.47,0.26,0.14,0.01
"143",0.55,0.29,0.3,0.21,0.11
"144",0.54,0.29,0.37,0.17,0.15
"145",0.55,0.51,0.34,0.2,0.14
"146",0.53,0.39,0.29,0.34,0.06
"147",0.6,0.5,0.36,0.37,0.06
"148",0.34,0.54,0.33,0.21,0.22
"149",0.47,0.41,0.43,0.23,0.1
"150",0.62,0.45,0.18,0.13,0.13
"151",0.55,0.37,0.49,0.13,0.16
"152",0.59,0.49,0.19,0.12,0.06
"153",0.32,0.49,0.22,0.11,0.06
"154",0.41,0.41,0.18,0.24,0.13
"155",0.53,0.43,0.37,0.28,0.05
"156",0.4,0.61,0.21,0.21,0.05
"157",0.59,0.38,0.3,0.13,0.14
"158",0.48,0.42,0.29,0.15,0.11
"159",0.51,0.27,0.36,0.25,0.05
"160",0.45,0.3,0.35,0.24,0.08
"161",0.51,0.39,0.2,0.22,0.07
"162",0.42,0.33,0.29,0.2,0.08
"163",0.66,0.44,0.28,0.24,0.17
"164",0.43,0.34,0.27,0.14,0.08
"165",0.44,0.49,0.2,0.17,0.15
"166",0.41,0.33,0.45,0.23,0.14
"167",0.54,0.47,0.34,0.22,0.16
"168",0.44,0.44,0.28,0.14,0.06
"169",0.59,0.39,0.36,0.27,0.05
"170",0.45,0.43,0.21,0.21,0.18
"171",0.34,0.34,0.18,0.21,0.1
"172",0.62,0.41,0.37,0.21,0.05
"173",0.35,0.45,0.46,0.23,0.14
"174",0.45,0.36,0.36,0.25,0.14
"175",0.43,0.41,0.35,0.29,0.05
"176",0.5,0.41,0.3,0.16,0.15
"177",0.56,0.46,0.38,0.16,0.1
"178",0.55,0.29,0.32,0.21,0.09
"179",0.46,0.39,0.33,0.24,0.07
"180",0.44,0.4,0.29,0.27,0.09
"181",0.58,0.42,0.33,0.18,0.1
"182",0.56,0.41,0.3,0.11,0.08
"183",0.52,0.41,0.31,0.1,0.11
"184",0.49,0.49,0.35,0.23,0.09
"185",0.63,0.4,0.3,0.25,0.15
"186",0.45,0.35,0.34,0.16,0.08
"187",0.45,0.5,0.3,0.14,0.13
"188",0.62,0.29,0.31,0.2,0.19
"189",0.49,0.36,0.28,0.19,0.07
"190",0.53,0.36,0.48,0.36,0.13
"191",0.41,0.5,0.35,0.25,0.06
"192",0.42,0.5,0.34,0.17,0.08
"193",0.5,0.46,0.16,0.2,0.05
"194",0.53,0.49,0.3,0.19,0.1
"195",0.63,0.49,0.27,0.17,0.09
"196",0.55,0.3,0.24,0.17,0.11
"197",0.32,0.25,0.15,0.25,0.02
"198",0.5,0.35,0.26,0.22,0.18
"199",0.36,0.33,0.35,0.23,0.12
"200",0.4,0.38,0.21,0.2,0.11
"201",0.56,0.47,0.32,0.18,0.03
"202",0.49,0.48,0.41,0.17,0.07
"203",0.49,0.37,0.34,0.26,0.08
"204",0.54,0.39,0.23,0.21,0.1
"205",0.49,0.48,0.25,0.21,0.16
"206",0.48,0.45,0.2,0.25,0.14
"207",0.48,0.31,0.36,0.15,0.11
"208",0.62,0.43,0.23,0.12,0.07
"209",0.63,0.43,0.33,0.17,0.11
"210",0.49,0.37,0.38,0.23,0.11
"211",0.49,0.26,0.24,0.23,0.13
"212",0.47,0.32,0.37,0.16,0.16
"213",0.62,0.33,0.22,0.26,0.13
"214",0.41,0.48,0.35,0.17,0.06
"215",0.63,0.27,0.31,0.16,0.13
"216",0.53,0.36,0.34,0.25,0.15
"217",0.55,0.29,0.18,0.27,0.11
"218",0.51,0.34,0.28,0.16,0.13
"219",0.5,0.34,0.31,0.16,0.07
"220",0.43,0.34,0.25,0.17,0.11
"221",0.6,0.4,0.3,0.19,0.09
"222",0.39,0.51,0.33,0.16,0.09
"223",0.59,0.43,0.34,0.09,0.15
"224",0.54,0.43,0.29,0.18,0.17
"225",0.54,0.45,0.31,0.21,0.06
"226",0.44,0.51,0.29,0.16,0.16
"227",0.54,0.27,0.22,0.18,0.09
"228",0.54,0.36,0.36,0.25,0.07
"229",0.66,0.39,0.22,0.23,0.17
"230",0.48,0.39,0.14,0.15,0.17
"231",0.42,0.42,0.25,0.19,0.09
"232",0.6,0.38,0.24,0.25,0.1
"233",0.41,0.31,0.29,0.27,0.15
"234",0.53,0.33,0.3,0.15,0.11
"235",0.52,0.36,0.35,0.15,0.19
"236",0.57,0.33,0.43,0.13,0.26
"237",0.47,0.43,0.33,0.25,0.07
"238",0.64,0.37,0.26,0.25,0.06
"239",0.46,0.32,0.28,0.2,0.09
"240",0.4,0.4,0.32,0.19,0.16
"241",0.5,0.45,0.24,0.19,0.11
"242",0.45,0.42,0.33,0.21,0.14
"243",0.44,0.32,0.26,0.2,0.11
"244",0.59,0.49,0.22,0.17,0.06
"245",0.56,0.45,0.29,0.09,0.11
"246",0.39,0.46,0.4,0.22,0.07
"247",0.49,0.46,0.25,0.31,0.11
"248",0.39,0.35,0.32,0.22,0.13
"249",0.44,0.43,0.37,0.22,0.19
"250",0.47,0.37,0.28,0.14,0.1
"251",0.45,0.34,0.19,0.19,0.12
"252",0.49,0.38,0.17,0.17,0.13
"253",0.42,0.37,0.31,0.14,0.07
"254",0.5,0.34,0.33,0.14,0.08
"255",0.52,0.37,0.24,0.17,0.04
"256",0.47,0.41,0.35,0.16,0.14
"257",0.55,0.41,0.34,0.17,0.15
"258",0.46,0.41,0.34,0.29,0.09
"259",0.5,0.53,0.34,0.16,0.16
"260",0.45,0.34,0.4,0.19,0.07
"261",0.42,0.37,0.33,0.19,0.13
"262",0.53,0.34,0.3,0.18,0.15
"263",0.39,0.4,0.26,0.33,0.01
"264",0.45,0.31,0.36,0.22,0.04
"265",0.53,0.48,0.31,0.31,0.06
"266",0.45,0.24,0.4,0.3,0.1
"267",0.53,0.4,0.35,0.26,0.13
"268",0.55,0.42,0.45,0.29,0.09
"269",0.5,0.33,0.25,0.24,0.18
"270",0.58,0.31,0.39,0.3,0.02
"271",0.56,0.33,0.4,0.22,0.05
"272",0.43,0.48,0.34,0.09,0.07
"273",0.36,0.39,0.29,0.29,0.16
"274",0.48,0.42,0.24,0.18,0.12
"275",0.42,0.49,0.29,0.15,0.11
"276",0.6,0.38,0.31,0.17,0.14
"277",0.51,0.41,0.34,0.26,0.13
"278",0.43,0.47,0.32,0.17,0.12
"279",0.57,0.48,0.16,0.3,0.14
"280",0.52,0.25,0.33,0.26,0.11
"281",0.4,0.26,0.26,0.22,0.12
"282",0.55,0.28,0.34,0.17,0.12
"283",0.47,0.55,0.35,0.19,0.07
"284",0.48,0.48,0.21,0.23,0.1
"285",0.49,0.43,0.28,0.15,0.07
"286",0.51,0.43,0.36,0.19,0.09
"287",0.42,0.46,0.39,0.18,0.11
"288",0.57,0.47,0.31,0.21,0.07
"289",0.46,0.28,0.43,0.34,0.13
"290",0.42,0.4,0.26,0.27,0.11
"291",0.43,0.44,0.38,0.22,0.11
"292",0.39,0.32,0.32,0.27,0.07
"293",0.65,0.31,0.27,0.28,0.13
"294",0.44,0.38,0.26,0.11,0.08
"295",0.54,0.33,0.39,0.18,0.08
"296",0.56,0.2,0.36,0.24,0.12
"297",0.48,0.31,0.28,0.09,0.2
"298",0.52,0.29,0.22,0.19,0.12
"299",0.49,0.46,0.42,0.24,0.12
"300",0.55,0.42,0.25,0.22,0.1
"301",0.53,0.34,0.23,0.18,0.12
"302",0.57,0.41,0.22,0.22,0
"303",0.49,0.42,0.29,0.22,0.07
"304",0.41,0.34,0.4,0.2,0.06
"305",0.5,0.38,0.37,0.23,0.09
"306",0.39,0.39,0.35,0.17,0.08
"307",0.39,0.47,0.23,0.14,0.06
"308",0.4,0.51,0.28,0.27,0.14
"309",0.5,0.37,0.34,0.23,0.04
"310",0.48,0.39,0.27,0.11,0.11
"311",0.59,0.5,0.15,0.26,0.1
"312",0.61,0.37,0.31,0.16,0.05
"313",0.46,0.38,0.37,0.13,0.02
"314",0.48,0.44,0.33,0.23,0.1
"315",0.49,0.37,0.39,0.21,0.14
"316",0.39,0.26,0.28,0.22,0.14
"317",0.47,0.42,0.44,0.19,0.07
"318",0.58,0.35,0.27,0.13,0.15
"319",0.54,0.46,0.33,0.1,0.11
"320",0.43,0.4,0.35,0.25,0.07
"321",0.56,0.33,0.32,0.22,0.09
"322",0.43,0.32,0.26,0.1,0.05
"323",0.6,0.49,0.31,0.29,0.15
"324",0.53,0.43,0.32,0.14,0.1
"325",0.51,0.35,0.22,0.24,0.13
"326",0.44,0.44,0.31,0.24,0.07
"327",0.47,0.38,0.37,0.07,0.13
"328",0.55,0.5,0.32,0.31,0.08
"329",0.5,0.38,0.35,0.12,0.1
"330",0.56,0.4,0.35,0.23,0.09
"331",0.51,0.42,0.31,0.21,0.07
"332",0.46,0.31,0.26,0.15,0.11
"333",0.55,0.39,0.2,0.22,0.05
"334",0.39,0.37,0.24,0.21,0.11
"335",0.49,0.36,0.27,0.12,0.12
"336",0.43,0.38,0.41,0.1,0.14
"337",0.44,0.34,0.41,0.17,0.05
"338",0.59,0.38,0.41,0.22,0.11
"339",0.45,0.43,0.29,0.14,0.16
"340",0.64,0.35,0.28,0.15,0.08
"341",0.51,0.36,0.34,0.23,0.14
"342",0.32,0.46,0.38,0.21,0.09
"343",0.62,0.51,0.39,0.27,0.14
"344",0.32,0.41,0.26,0.13,0.09
"345",0.61,0.48,0.3,0.12,0.05
"346",0.48,0.37,0.22,0.2,0.11
"347",0.47,0.43,0.29,0.15,0.1
"348",0.47,0.37,0.27,0.11,0.11
"349",0.51,0.32,0.36,0.29,0.12
"350",0.53,0.35,0.18,0.21,0.03
"351",0.37,0.45,0.43,0.35,0.06
"352",0.34,0.44,0.32,0.19,0.06
"353",0.49,0.43,0.2,0.18,0.01
"354",0.45,0.46,0.24,0.07,0.22
"355",0.45,0.43,0.38,0.24,0.08
"356",0.6,0.47,0.19,0.28,0.17
"357",0.49,0.32,0.25,0.15,0.12
"358",0.41,0.33,0.29,0.24,0.2
"359",0.6,0.42,0.34,0.13,0.08
"360",0.5,0.42,0.21,0.31,0.09
"361",0.41,0.44,0.32,0.17,0.04
"362",0.46,0.34,0.13,0.18,0.05
"363",0.49,0.35,0.16,0.18,0.09
"364",0.59,0.34,0.27,0.25,0.15
"365",0.32,0.41,0.35,0.2,0.03
"366",0.56,0.45,0.31,0.21,0.11
"367",0.47,0.3,0.28,0.25,0.14
"368",0.51,0.35,0.34,0.3,0.06
"369",0.54,0.52,0.32,0.13,0.11
"370",0.59,0.43,0.29,0.21,0.06
"371",0.45,0.53,0.39,0.14,0.08
"372",0.52,0.33,0.31,0.19,0.16
"373",0.46,0.34,0.35,0.15,0.16
"374",0.47,0.46,0.3,0.19,0.07
"375",0.56,0.25,0.28,0.2,0.06
"376",0.49,0.39,0.32,0.19,0.09
"377",0.49,0.33,0.26,0.21,0.13
"378",0.54,0.49,0.27,0.27,0.14
"379",0.42,0.42,0.28,0.19,0.04
"380",0.59,0.34,0.3,0.18,0.1
"381",0.53,0.32,0.28,0.18,0.06
"382",0.53,0.41,0.29,0.16,0.11
"383",0.64,0.37,0.37,0.23,0.11
"384",0.61,0.42,0.32,0.24,0.09
"385",0.46,0.37,0.29,0.14,0.19
"386",0.49,0.39,0.23,0.18,0.05
"387",0.53,0.46,0.31,0.39,0.05
"388",0.51,0.47,0.27,0.16,0.08
"389",0.46,0.3,0.42,0.09,0.14
"390",0.53,0.39,0.38,0.25,0.14
"391",0.44,0.31,0.24,0.32,0.13
"392",0.56,0.41,0.35,0.09,0.04
"393",0.5,0.32,0.44,0.21,0.15
"394",0.47,0.43,0.21,0.15,0.16
"395",0.71,0.41,0.31,0.23,0.19
"396",0.49,0.45,0.3,0.2,0.14
"397",0.5,0.51,0.3,0.27,0.17
"398",0.47,0.38,0.31,0.23,0.11
"399",0.54,0.43,0.4,0.13,0.07
"400",0.59,0.35,0.29,0.32,0.16
"401",0.55,0.39,0.38,0.26,0.07
"402",0.56,0.39,0.27,0.15,0.09
"403",0.46,0.33,0.37,0.15,0.06
"404",0.41,0.36,0.28,0.22,0.1
"405",0.55,0.42,0.29,0.19,0.1
"406",0.53,0.4,0.29,0.2,0.02
"407",0.44,0.52,0.31,0.2,0.1
"408",0.46,0.32,0.34,0.2,0.09
"409",0.56,0.36,0.33,0.18,0.07
"410",0.49,0.34,0.38,0.26,0.06
"411",0.45,0.36,0.26,0.26,0.09
"412",0.51,0.47,0.33,0.14,0.09
"413",0.52,0.56,0.32,0.22,0.08
"414",0.52,0.34,0.26,0.18,0.06
"415",0.51,0.24,0.26,0.18,0.11
"416",0.47,0.37,0.38,0.11,0.15
"417",0.52,0.34,0.27,0.16,0.14
"418",0.44,0.33,0.28,0.3,0.14
"419",0.44,0.41,0.3,0.23,0.15
"420",0.57,0.39,0.29,0.14,0.08
"421",0.42,0.48,0.39,0.24,0.09
"422",0.52,0.53,0.3,0.29,0.1
"423",0.38,0.39,0.23,0.2,0.14
"424",0.62,0.43,0.2,0.16,0.09
"425",0.4,0.41,0.27,0.2,0.14
"426",0.57,0.32,0.19,0.2,0.09
"427",0.46,0.41,0.22,0.18,0.1
"428",0.43,0.46,0.3,0.16,0.16
"429",0.48,0.44,0.36,0.23,0.11
"430",0.48,0.42,0.24,0.24,0.11
"431",0.47,0.47,0.24,0.16,0.09
"432",0.61,0.43,0.32,0.09,0.12
"433",0.64,0.38,0.25,0.28,0.1
"434",0.47,0.47,0.38,0.17,0.09
"435",0.46,0.39,0.45,0.18,0.06
"436",0.58,0.37,0.26,0.28,0.09
"437",0.49,0.31,0.35,0.15,0.08
"438",0.48,0.52,0.24,0.19,0.08
"439",0.52,0.52,0.4,0.19,0.07
"440",0.43,0.3,0.21,0.22,0.05
"441",0.45,0.35,0.35,0.11,0.13
"442",0.41,0.46,0.36,0.25,0.08
"443",0.55,0.37,0.32,0.21,0.09
"444",0.51,0.52,0.33,0.22,0.07
"445",0.53,0.36,0.37,0.16,0.1
"446",0.55,0.26,0.3,0.23,0.08
"447",0.63,0.35,0.29,0.06,0.07
"448",0.54,0.42,0.15,0.15,0.1
"449",0.53,0.38,0.22,0.27,0.11
"450",0.51,0.28,0.28,0.24,0.09
"451",0.5,0.45,0.39,0.27,0.06
"452",0.71,0.39,0.28,0.21,0.06
"453",0.52,0.38,0.29,0.28,0.08
"454",0.62,0.44,0.27,0.16,0.1
"455",0.44,0.35,0.28,0.2,0.13
"456",0.48,0.38,0.24,0.22,0.07
"457",0.44,0.38,0.25,0.19,0.16
"458",0.4,0.37,0.33,0.27,0.12
"459",0.67,0.47,0.23,0.19,0.08
"460",0.43,0.4,0.21,0.22,0.06
"461",0.52,0.38,0.34,0.21,0.12
"462",0.5,0.37,0.21,0.33,0.21
"463",0.33,0.37,0.21,0.18,0.14
"464",0.38,0.42,0.31,0.19,0.06
"465",0.56,0.28,0.34,0.17,0.03
"466",0.47,0.43,0.25,0.16,0.08
"467",0.55,0.44,0.44,0.18,0.05
"468",0.49,0.36,0.29,0.25,0.07
"469",0.6,0.4,0.39,0.33,0.09
"470",0.55,0.36,0.37,0.19,0.14
"471",0.53,0.41,0.26,0.25,0.02
"472",0.45,0.34,0.26,0.25,0.15
"473",0.43,0.49,0.17,0.2,0.08
"474",0.58,0.38,0.46,0.17,0.11
"475",0.62,0.38,0.36,0.28,0.08
"476",0.48,0.34,0.26,0.22,0.11
"477",0.61,0.42,0.38,0.18,0.13
"478",0.39,0.32,0.33,0.13,0.09
"479",0.53,0.42,0.41,0.15,0.11
"480",0.52,0.39,0.35,0.2,0.11
"481",0.42,0.39,0.2,0.25,0.11
"482",0.42,0.49,0.26,0.15,0.14
"483",0.51,0.28,0.26,0.16,0.16
"484",0.57,0.29,0.23,0.23,0.17
"485",0.45,0.37,0.28,0.16,0.08
"486",0.51,0.38,0.38,0.22,0.12
"487",0.53,0.39,0.3,0.17,0.11
"488",0.47,0.37,0.48,0.11,0.11
"489",0.44,0.26,0.23,0.18,0.05
"490",0.57,0.4,0.32,0.17,0.15
"491",0.58,0.44,0.4,0.22,0.1
"492",0.54,0.29,0.32,0.16,0.13
"493",0.53,0.42,0.22,0.21,0.15
"494",0.52,0.42,0.26,0.26,0.05
"495",0.5,0.38,0.33,0.21,0.17
"496",0.53,0.41,0.41,0.19,0.13
"497",0.39,0.35,0.23,0.18,0.07
"498",0.58,0.38,0.26,0.18,0.21
"499",0.5,0.37,0.28,0.31,0.09
"500",0.48,0.34,0.35,0.21,0.06
"501",0.57,0.36,0.24,0.19,0.1
"502",0.45,0.36,0.3,0.16,0.07
"503",0.6,0.45,0.35,0.13,0.04
"504",0.53,0.33,0.31,0.19,0.14
"505",0.4,0.56,0.31,0.07,0.19
"506",0.54,0.45,0.26,0.15,0.05
"507",0.52,0.43,0.27,0.24,0.03
"508",0.49,0.41,0.37,0.27,0.16
"509",0.53,0.58,0.4,0.23,0.15
"510",0.49,0.35,0.2,0.14,0.09
"511",0.55,0.33,0.27,0.24,0.17
"512",0.43,0.43,0.31,0.3,0.08
"513",0.52,0.21,0.3,0.18,0.1
"514",0.51,0.41,0.37,0.17,0.1
"515",0.59,0.5,0.32,0.27,0.16
"516",0.48,0.34,0.18,0.11,0.13
"517",0.57,0.33,0.31,0.17,0.06
"518",0.51,0.33,0.32,0.24,0.11
"519",0.43,0.35,0.28,0.13,0.13
"520",0.52,0.41,0.18,0.18,0.07
"521",0.52,0.41,0.32,0.21,0.07
"522",0.53,0.46,0.26,0.22,0.1
"523",0.48,0.45,0.36,0.29,0.06
"524",0.48,0.45,0.39,0.24,0.09
"525",0.57,0.43,0.22,0.21,0.05
"526",0.56,0.36,0.34,0.13,0.05
"527",0.52,0.39,0.38,0.23,0.08
"528",0.36,0.49,0.36,0.22,0.08
"529",0.59,0.42,0.26,0.18,0.15
"530",0.69,0.46,0.25,0.16,0.08
"531",0.43,0.54,0.28,0.13,0.14
"532",0.53,0.38,0.28,0.2,0.12
"533",0.63,0.35,0.23,0.16,0.11
"534",0.5,0.37,0.26,0.17,0.05
"535",0.57,0.35,0.24,0.24,0.09
"536",0.56,0.38,0.4,0.27,0.09
"537",0.47,0.36,0.28,0.22,0.08
"538",0.53,0.37,0.26,0.18,0.1
"539",0.48,0.4,0.28,0.35,0.05
"540",0.59,0.44,0.29,0.21,0.09
"541",0.36,0.34,0.32,0.08,0.13
"542",0.64,0.39,0.28,0.23,0.11
"543",0.59,0.4,0.27,0.21,0.06
"544",0.57,0.2,0.41,0.16,0.05
"545",0.52,0.35,0.31,0.15,0.1
"546",0.55,0.44,0.26,0.18,0.19
"547",0.57,0.48,0.26,0.2,0.13
"548",0.46,0.37,0.29,0.19,0.13
"549",0.59,0.31,0.39,0.18,0.13
"550",0.43,0.42,0.29,0.27,0.06
"551",0.49,0.45,0.39,0.25,0.19
"552",0.51,0.34,0.32,0.25,0.05
"553",0.4,0.4,0.33,0.17,0.06
"554",0.46,0.29,0.31,0.28,0.22
"555",0.58,0.42,0.31,0.32,0.09
"556",0.52,0.44,0.22,0.31,0.11
"557",0.56,0.47,0.24,0.21,0.14
"558",0.4,0.27,0.34,0.2,0.13
"559",0.44,0.49,0.22,0.2,0.04
"560",0.48,0.45,0.34,0.2,0.07
"561",0.38,0.45,0.33,0.27,0.06
"562",0.45,0.42,0.54,0.19,0.16
"563",0.53,0.44,0.3,0.2,0.2
"564",0.44,0.41,0.42,0.18,0.1
"565",0.48,0.34,0.27,0.22,0.14
"566",0.51,0.36,0.25,0.19,0.15
"567",0.59,0.48,0.33,0.3,0.05
"568",0.58,0.27,0.23,0.17,0.04
"569",0.53,0.34,0.26,0.18,0.11
"570",0.5,0.34,0.22,0.25,0.07
"571",0.52,0.37,0.31,0.27,0.07
"572",0.52,0.5,0.2,0.2,0.1
"573",0.55,0.46,0.31,0.11,0.08
"574",0.49,0.42,0.31,0.25,0.11
"575",0.47,0.36,0.29,0.23,0.08
"576",0.51,0.51,0.3,0.22,0.12
"577",0.48,0.35,0.29,0.2,0.13
"578",0.52,0.37,0.25,0.21,0.05
"579",0.65,0.35,0.23,0.17,0.08
"580",0.57,0.46,0.33,0.15,0.1
"581",0.55,0.27,0.38,0.26,0.09
"582",0.53,0.43,0.26,0.19,0.21
"583",0.41,0.38,0.31,0.26,0.08
"584",0.49,0.45,0.33,0.1,0.1
"585",0.4,0.4,0.25,0.18,0.2
"586",0.6,0.45,0.24,0.23,0.08
"587",0.38,0.46,0.27,0.22,0.07
"588",0.55,0.31,0.24,0.18,0.13
"589",0.42,0.39,0.31,0.24,0.08
"590",0.57,0.38,0.29,0.16,0.06
"591",0.53,0.53,0.27,0.11,0.22
"592",0.58,0.47,0.24,0.08,0.1
"593",0.42,0.4,0.22,0.26,0.16
"594",0.75,0.48,0.35,0.24,0.18
"595",0.61,0.41,0.27,0.13,0.05
"596",0.48,0.39,0.36,0.12,0.05
"597",0.47,0.3,0.35,0.2,0.04
"598",0.52,0.33,0.25,0.18,0.09
"599",0.43,0.36,0.35,0.22,0.19
"600",0.5,0.48,0.2,0.2,0.02
"601",0.49,0.48,0.46,0.17,0.08
"602",0.54,0.36,0.39,0.15,0.03
"603",0.36,0.42,0.34,0.16,0.07
"604",0.59,0.4,0.38,0.12,0.15
"605",0.51,0.47,0.36,0.2,0.11
"606",0.46,0.45,0.23,0.26,0.04
"607",0.53,0.42,0.39,0.22,0.11
"608",0.39,0.42,0.23,0.03,0.1
"609",0.44,0.45,0.38,0.26,0.08
"610",0.43,0.38,0.27,0.18,0.04
"611",0.4,0.53,0.3,0.13,0.1
"612",0.63,0.42,0.36,0.29,0.04
"613",0.44,0.43,0.32,0.28,0.11
"614",0.59,0.35,0.3,0.14,0.06
"615",0.49,0.34,0.37,0.21,0.07
"616",0.58,0.48,0.26,0.23,0.12
"617",0.55,0.41,0.43,0.25,0.12
"618",0.52,0.19,0.21,0.22,0.03
"619",0.36,0.44,0.28,0.21,0.06
"620",0.45,0.36,0.33,0.16,0.09
"621",0.55,0.34,0.36,0.14,0.05
"622",0.55,0.44,0.34,0.19,0.15
"623",0.4,0.4,0.48,0.22,0.15
"624",0.5,0.35,0.24,0.27,0.12
"625",0.42,0.43,0.29,0.16,0.11
"626",0.48,0.4,0.34,0.21,0.05
"627",0.45,0.39,0.21,0.24,0.06
"628",0.48,0.36,0.22,0.12,0.05
"629",0.41,0.36,0.32,0.19,0.11
"630",0.64,0.54,0.37,0.28,0.2
"631",0.47,0.51,0.22,0.26,0.07
"632",0.52,0.39,0.35,0.12,0.13
"633",0.6,0.48,0.31,0.13,0.04
"634",0.35,0.44,0.28,0.28,0.18
"635",0.45,0.42,0.35,0.18,0.15
"636",0.57,0.43,0.29,0.19,0.11
"637",0.52,0.36,0.24,0.23,0.06
"638",0.68,0.37,0.23,0.09,0.07
"639",0.47,0.34,0.26,0.3,0.1
"640",0.42,0.39,0.28,0.19,0.1
"641",0.47,0.38,0.33,0.19,0.13
"642",0.56,0.45,0.37,0.25,0.12
"643",0.45,0.44,0.31,0.25,0.06
"644",0.48,0.35,0.29,0.18,0.11
"645",0.47,0.5,0.4,0.12,0.13
"646",0.58,0.41,0.3,0.2,0.08
"647",0.51,0.41,0.32,0.05,0.12
"648",0.41,0.33,0.3,0.07,0.08
"649",0.45,0.49,0.35,0.3,0.19
"650",0.42,0.42,0.31,0.17,0.12
"651",0.44,0.38,0.25,0.24,0.04
"652",0.6,0.35,0.29,0.21,0.13
"653",0.42,0.25,0.27,0.13,0.06
"654",0.55,0.36,0.39,0.16,0.1
"655",0.49,0.14,0.19,0.3,0.04
"656",0.44,0.27,0.22,0.17,0.07
"657",0.48,0.45,0.22,0.14,0.07
"658",0.46,0.48,0.31,0.2,0.11
"659",0.35,0.32,0.33,0.31,0.08
"660",0.48,0.36,0.43,0.19,0.07
"661",0.39,0.34,0.3,0.14,0.05
"662",0.46,0.38,0.17,0.29,0.07
"663",0.57,0.38,0.3,0.16,0.16
"664",0.61,0.33,0.24,0.23,0.12
"665",0.37,0.47,0.4,0.32,0.07
"666",0.49,0.28,0.42,0.25,0.11
"667",0.59,0.42,0.26,0.17,0.11
"668",0.44,0.43,0.36,0.13,0.08
"669",0.46,0.45,0.26,0.21,0.08
"670",0.47,0.36,0.27,0.21,0.18
"671",0.6,0.41,0.31,0.16,0.13
"672",0.45,0.37,0.27,0.28,0.05
"673",0.64,0.45,0.3,0.19,0.05
"674",0.36,0.43,0.18,0.33,0.12
"675",0.45,0.47,0.36,0.16,0.08
"676",0.48,0.29,0.32,0.2,0.14
"677",0.52,0.33,0.39,0.15,0.09
"678",0.55,0.32,0.43,0.22,0.1
"679",0.51,0.47,0.2,0.14,0.12
"680",0.41,0.43,0.38,0.07,0.08
"681",0.54,0.38,0.36,0.19,0.11
"682",0.49,0.31,0.4,0.26,0.06
"683",0.45,0.38,0.29,0.06,0.14
"684",0.57,0.41,0.36,0.23,0.11
"685",0.34,0.29,0.22,0.13,0.12
"686",0.53,0.42,0.28,0.14,0.14
"687",0.55,0.4,0.41,0.17,0.09
"688",0.5,0.4,0.24,0.17,0.13
"689",0.46,0.46,0.34,0.14,0.04
"690",0.38,0.35,0.22,0.14,0.03
"691",0.5,0.43,0.33,0.22,0.13
"692",0.47,0.39,0.43,0.16,0.05
"693",0.46,0.29,0.54,0.18,0.09
"694",0.59,0.29,0.23,0.21,0.1
"695",0.44,0.57,0.29,0.28,0.05
"696",0.44,0.48,0.37,0.13,0.15
"697",0.47,0.43,0.24,0.3,0.09
"698",0.39,0.46,0.37,0.16,0.08
"699",0.63,0.39,0.27,0.11,0.13
"700",0.37,0.39,0.29,0.38,0.1
"701",0.44,0.36,0.26,0.16,0.02
"702",0.44,0.39,0.36,0.2,0.12
"703",0.37,0.39,0.37,0.26,0.12
"704",0.67,0.46,0.38,0.22,0.07
"705",0.45,0.47,0.34,0.22,0.13
"706",0.45,0.39,0.35,0.11,0.17
"707",0.48,0.41,0.2,0.17,0.09
"708",0.42,0.44,0.44,0.26,0.09
"709",0.5,0.45,0.34,0.17,0.11
"710",0.44,0.45,0.34,0.29,0.05
"711",0.55,0.51,0.36,0.09,0.12
"712",0.61,0.37,0.38,0.11,0.09
"713",0.48,0.54,0.33,0.15,0.14
"714",0.62,0.4,0.29,0.19,0.08
"715",0.55,0.43,0.31,0.23,0.05
"716",0.51,0.48,0.21,0.27,0.08
"717",0.47,0.41,0.25,0.29,0.09
"718",0.47,0.37,0.23,0.15,0.09
"719",0.49,0.4,0.33,0.2,0.09
"720",0.43,0.4,0.21,0.24,0.04
"721",0.48,0.47,0.24,0.32,0.12
"722",0.54,0.4,0.31,0.17,0.06
"723",0.44,0.43,0.34,0.19,0.11
"724",0.52,0.32,0.36,0.25,0.11
"725",0.51,0.32,0.38,0.17,0.13
"726",0.47,0.27,0.26,0.26,0.08
"727",0.55,0.35,0.28,0.25,0.12
"728",0.54,0.33,0.28,0.15,0.08
"729",0.69,0.49,0.47,0.15,0.13
"730",0.4,0.54,0.22,0.24,0.06
"731",0.47,0.43,0.17,0.29,0.05
"732",0.42,0.43,0.36,0.21,0.12
"733",0.47,0.43,0.22,0.16,0.08
"734",0.48,0.34,0.36,0.18,0.1
"735",0.57,0.39,0.26,0.16,0.09
"736",0.49,0.34,0.43,0.23,0.05
"737",0.43,0.48,0.38,0.23,0.09
"738",0.54,0.44,0.21,0.28,0.09
"739",0.59,0.42,0.2,0.24,0.09
"740",0.46,0.48,0.21,0.21,0.2
"741",0.45,0.33,0.23,0.15,0.13
"742",0.58,0.33,0.37,0.22,0.11
"743",0.56,0.31,0.35,0.15,0.19
"744",0.49,0.43,0.32,0.18,0.16
"745",0.63,0.38,0.33,0.21,0.06
"746",0.5,0.31,0.25,0.25,0.04
"747",0.63,0.43,0.21,0.32,0.1
"748",0.47,0.43,0.24,0.15,0.03
"749",0.49,0.34,0.43,0.18,0.06
"750",0.6,0.38,0.32,0.14,0.07
"751",0.48,0.41,0.33,0.2,0.14
"752",0.58,0.25,0.41,0.11,0.09
"753",0.43,0.32,0.23,0.23,0.08
"754",0.59,0.33,0.24,0.22,0.07
"755",0.42,0.4,0.32,0.18,0.03
"756",0.47,0.4,0.37,0.22,0.08
"757",0.45,0.49,0.21,0.18,0.05
"758",0.61,0.33,0.32,0.25,0.17
"759",0.45,0.43,0.28,0.23,0.1
"760",0.52,0.42,0.19,0.14,0.22
"761",0.43,0.39,0.43,0.23,0.04
"762",0.6,0.35,0.38,0.14,0.08
"763",0.55,0.42,0.32,0.17,0.2
"764",0.45,0.45,0.26,0.13,0.08
"765",0.44,0.49,0.34,0.29,0.11
"766",0.52,0.42,0.35,0.28,0.12
"767",0.56,0.48,0.34,0.26,0.1
"768",0.54,0.48,0.36,0.25,0.12
"769",0.5,0.39,0.31,0.23,0.09
"770",0.43,0.29,0.29,0.19,0.21
"771",0.47,0.43,0.35,0.24,0.14
"772",0.53,0.29,0.35,0.33,0.09
"773",0.49,0.51,0.31,0.15,0.09
"774",0.53,0.43,0.35,0.14,0.11
"775",0.42,0.55,0.32,0.31,0.09
"776",0.48,0.43,0.27,0.2,0.17
"777",0.55,0.34,0.23,0.17,0.13
"778",0.5,0.34,0.26,0.29,0.09
"779",0.58,0.2,0.24,0.26,0.1
"780",0.45,0.51,0.18,0.34,0.12
"781",0.44,0.37,0.38,0.2,0.08
"782",0.41,0.33,0.36,0.09,0.07
"783",0.5,0.43,0.34,0.22,0.08
"784",0.7,0.44,0.3,0.27,0.14
"785",0.51,0.43,0.39,0.2,0.03
"786",0.47,0.53,0.32,0.19,0.12
"787",0.4,0.49,0.22,0.28,0.08
"788",0.55,0.46,0.23,0.26,0.14
"789",0.58,0.4,0.3,0.25,0.04
"790",0.53,0.34,0.33,0.18,0.05
"791",0.51,0.44,0.41,0.12,0.17
"792",0.51,0.44,0.27,0.22,0.08
"793",0.5,0.38,0.26,0.2,0.05
"794",0.48,0.32,0.29,0.17,0.09
"795",0.5,0.51,0.29,0.14,0.08
"796",0.57,0.47,0.3,0.32,0.12
"797",0.48,0.41,0.41,0.19,0.02
"798",0.59,0.3,0.34,0.29,0.11
"799",0.5,0.41,0.34,0.25,0.08
"800",0.61,0.3,0.39,0.3,0.07
"801",0.62,0.34,0.23,0.24,0.03
"802",0.44,0.33,0.38,0.24,0.11
"803",0.5,0.27,0.34,0.23,0.07
"804",0.52,0.25,0.34,0.19,0.16
"805",0.51,0.47,0.24,0.21,0.18
"806",0.41,0.46,0.37,0.22,0.15
"807",0.41,0.48,0.26,0.16,0.14
"808",0.6,0.24,0.23,0.18,0.06
"809",0.49,0.42,0.19,0.19,0.09
"810",0.6,0.44,0.27,0.16,0.11
"811",0.48,0.32,0.37,0.22,0.1
"812",0.58,0.39,0.4,0.18,0.07
"813",0.54,0.47,0.27,0.31,0.17
"814",0.57,0.39,0.22,0.27,0.12
"815",0.4,0.45,0.2,0.29,0.04
"816",0.63,0.35,0.4,0.25,0.15
"817",0.44,0.41,0.42,0.25,0.07
"818",0.6,0.49,0.3,0.19,0.03
"819",0.46,0.47,0.36,0.15,0.11
"820",0.54,0.35,0.41,0.21,0.18
"821",0.55,0.42,0.28,0.27,0.09
"822",0.54,0.39,0.18,0.19,0.12
"823",0.57,0.5,0.31,0.15,0.07
"824",0.53,0.3,0.36,0.2,0.12
"825",0.6,0.49,0.3,0.09,0.08
"826",0.4,0.53,0.37,0.31,0.04
"827",0.44,0.4,0.4,0.28,0.03
"828",0.42,0.45,0.31,0.31,0.07
"829",0.5,0.38,0.21,0.23,0.12
"830",0.52,0.25,0.39,0.19,0.11
"831",0.51,0.47,0.31,0.26,0.14
"832",0.65,0.34,0.27,0.26,0.09
"833",0.51,0.41,0.26,0.14,0.07
"834",0.4,0.39,0.32,0.29,0.07
"835",0.48,0.49,0.31,0.21,0.09
"836",0.55,0.32,0.28,0.22,0.03
"837",0.41,0.46,0.36,0.25,0.12
"838",0.62,0.38,0.27,0.17,0.14
"839",0.57,0.4,0.34,0.13,0.05
"840",0.58,0.42,0.32,0.33,0.08
"841",0.55,0.29,0.2,0.1,0.07
"842",0.4,0.37,0.23,0.24,0.11
"843",0.36,0.54,0.22,0.13,0.16
"844",0.49,0.45,0.36,0.17,0.08
"845",0.54,0.36,0.22,0.4,0.09
"846",0.6,0.43,0.36,0.15,0.06
"847",0.46,0.35,0.19,0.13,0.14
"848",0.49,0.57,0.29,0.24,0.1
"849",0.47,0.34,0.36,0.15,0.11
"850",0.36,0.38,0.35,0.1,0.08
"851",0.49,0.29,0.25,0.18,0.04
"852",0.44,0.51,0.35,0.13,0.13
"853",0.53,0.47,0.25,0.2,0.15
"854",0.47,0.42,0.26,0.22,0.05
"855",0.49,0.43,0.26,0.12,0.11
"856",0.52,0.42,0.37,0.25,0.11
"857",0.5,0.39,0.31,0.23,0.07
"858",0.52,0.35,0.24,0.14,0.17
"859",0.55,0.38,0.25,0.25,0.06
"860",0.5,0.31,0.3,0.23,0.1
"861",0.57,0.3,0.31,0.15,0.13
"862",0.6,0.34,0.24,0.21,0.11
"863",0.48,0.38,0.24,0.23,0.13
"864",0.48,0.37,0.47,0.19,0.09
"865",0.43,0.32,0.41,0.15,0.14
"866",0.57,0.47,0.3,0.11,0.11
"867",0.45,0.47,0.37,0.28,0.08
"868",0.45,0.46,0.27,0.31,0.01
"869",0.62,0.47,0.26,0.18,0.07
"870",0.51,0.39,0.48,0.18,0.07
"871",0.59,0.46,0.3,0.19,0.12
"872",0.6,0.51,0.32,0.19,0.1
"873",0.57,0.39,0.31,0.16,0.09
"874",0.52,0.54,0.25,0.39,0.09
"875",0.47,0.38,0.19,0.22,0.14
"876",0.47,0.39,0.26,0.09,0.12
"877",0.52,0.35,0.26,0.24,0.15
"878",0.54,0.43,0.37,0.24,0.04
"879",0.57,0.41,0.22,0.18,0.05
"880",0.53,0.44,0.29,0.22,0.05
"881",0.45,0.46,0.29,0.16,0.07
"882",0.6,0.42,0.29,0.18,0.07
"883",0.59,0.33,0.32,0.16,0.07
"884",0.55,0.43,0.37,0.25,0.1
"885",0.47,0.45,0.21,0.11,0.14
"886",0.37,0.42,0.32,0.24,0.04
"887",0.47,0.31,0.26,0.24,0.1
"888",0.49,0.45,0.23,0.25,0.03
"889",0.46,0.41,0.23,0.21,0.08
"890",0.39,0.43,0.38,0.2,0.09
"891",0.37,0.32,0.28,0.17,0.08
"892",0.47,0.39,0.41,0.2,0.04
"893",0.52,0.4,0.41,0.12,0.1
"894",0.47,0.35,0.2,0.25,0.07
"895",0.59,0.38,0.32,0.21,0.08
"896",0.39,0.49,0.23,0.08,0.08
"897",0.44,0.41,0.24,0.24,0.12
"898",0.44,0.41,0.32,0.22,0.18
"899",0.39,0.6,0.16,0.25,0.03
"900",0.57,0.39,0.36,0.16,0.12
"901",0.57,0.37,0.4,0.21,0.13
"902",0.6,0.43,0.2,0.23,0.06
"903",0.58,0.45,0.37,0.22,0.07
"904",0.59,0.39,0.18,0.33,0.08
"905",0.53,0.52,0.32,0.24,0.16
"906",0.46,0.37,0.4,0.13,0.06
"907",0.4,0.38,0.33,0.19,0.15
"908",0.39,0.41,0.39,0.28,0.12
"909",0.39,0.4,0.29,0.23,0.09
"910",0.44,0.35,0.33,0.19,0.15
"911",0.46,0.32,0.3,0.18,0.1
"912",0.36,0.39,0.33,0.27,0.09
"913",0.62,0.38,0.41,0.18,0.09
"914",0.47,0.42,0.25,0.2,0.1
"915",0.41,0.56,0.3,0.27,0.08
"916",0.41,0.31,0.32,0.31,0.11
"917",0.43,0.23,0.25,0.23,0.09
"918",0.49,0.52,0.23,0.26,0.11
"919",0.44,0.46,0.3,0.17,0.1
"920",0.56,0.29,0.41,0.32,0.08
"921",0.45,0.42,0.26,0.31,0.1
"922",0.54,0.41,0.25,0.2,0.06
"923",0.54,0.44,0.28,0.19,0.12
"924",0.47,0.33,0.28,0.24,0.06
"925",0.43,0.49,0.35,0.24,0.13
"926",0.5,0.3,0.31,0.23,0.05
"927",0.48,0.3,0.35,0.27,0.05
"928",0.43,0.32,0.16,0.14,0.14
"929",0.45,0.4,0.31,0.18,0.03
"930",0.43,0.47,0.23,0.11,0.04
"931",0.57,0.35,0.38,0.21,0.18
"932",0.48,0.48,0.43,0.17,0.15
"933",0.57,0.52,0.23,0.24,0.13
"934",0.5,0.4,0.25,0.2,0.07
"935",0.42,0.4,0.31,0.18,0.1
"936",0.54,0.33,0.34,0.19,0.13
"937",0.41,0.31,0.3,0.23,0.07
"938",0.63,0.31,0.18,0.32,0.14
"939",0.47,0.4,0.33,0.25,0.13
"940",0.54,0.46,0.25,0.14,0.18
"941",0.53,0.32,0.23,0.21,0.09
"942",0.59,0.2,0.14,0.21,0.1
"943",0.43,0.29,0.34,0.13,0.13
"944",0.38,0.37,0.37,0.16,0.09
"945",0.42,0.41,0.35,0.17,0.13
"946",0.53,0.33,0.22,0.16,0.03
"947",0.39,0.35,0.36,0.29,0.11
"948",0.55,0.31,0.3,0.24,0.17
"949",0.47,0.5,0.32,0.18,0.04
"950",0.44,0.44,0.3,0.26,0.06
"951",0.59,0.39,0.31,0.22,0.06
"952",0.58,0.32,0.39,0.19,0.09
"953",0.49,0.38,0.3,0.23,0.1
"954",0.62,0.36,0.3,0.25,0.21
"955",0.61,0.34,0.32,0.11,0.09
"956",0.49,0.37,0.31,0.2,0.12
"957",0.52,0.29,0.18,0.3,0.06
"958",0.52,0.41,0.3,0.28,0.11
"959",0.57,0.25,0.33,0.18,0.1
"960",0.4,0.51,0.25,0.11,0.11
"961",0.47,0.47,0.33,0.21,0.06
"962",0.43,0.31,0.37,0.27,0.16
"963",0.41,0.47,0.36,0.17,0.08
"964",0.53,0.4,0.39,0.22,0.05
"965",0.45,0.37,0.22,0.25,0.16
"966",0.48,0.37,0.34,0.2,0.1
"967",0.49,0.31,0.19,0.21,0.07
"968",0.54,0.35,0.31,0.2,0.07
"969",0.58,0.42,0.31,0.19,0.12
"970",0.48,0.32,0.26,0.09,0.06
"971",0.56,0.43,0.31,0.2,0.13
"972",0.55,0.28,0.37,0.17,0.18
"973",0.49,0.38,0.29,0.25,0.09
"974",0.45,0.42,0.4,0.22,0.04
"975",0.4,0.39,0.27,0.14,0.11
"976",0.52,0.39,0.13,0.37,0.04
"977",0.5,0.46,0.33,0.18,0.06
"978",0.46,0.36,0.21,0.16,0.09
"979",0.44,0.32,0.19,0.2,0.07
"980",0.43,0.34,0.31,0.22,0.16
"981",0.46,0.4,0.25,0.21,0.09
"982",0.43,0.39,0.32,0.15,0.14
"983",0.35,0.39,0.32,0.22,0.1
"984",0.44,0.3,0.38,0.21,0.07
"985",0.52,0.5,0.17,0.22,0.17
"986",0.51,0.27,0.29,0.22,0.1
"987",0.53,0.45,0.34,0.3,0.05
"988",0.52,0.5,0.27,0.21,0.05
"989",0.54,0.45,0.25,0.21,0.11
"990",0.42,0.45,0.35,0.25,0.03
"991",0.61,0.49,0.36,0.25,0.16
"992",0.43,0.42,0.28,0.15,0.05
"993",0.52,0.4,0.35,0.2,0.13
"994",0.5,0.31,0.31,0.1,0.07
"995",0.45,0.36,0.25,0.15,0.04
"996",0.58,0.35,0.3,0.16,0.14
"997",0.41,0.32,0.4,0.18,0.16
"998",0.49,0.35,0.35,0.15,0.09
"999",0.46,0.47,0.27,0.24,0.09
"1000",0.51,0.31,0.22,0.15,0.08
