Predicted count: ,Corrected count: ,CI ,line,genotype,allele,block
13.00479799,13.00584045,0.429658536,L1,B,M,1
27.39027025,27.34301138,0.432846845,L1,B,M,1
19.170504,19.1508442,0.431023537,L1,B,M,1
16.92839317,16.91626159,0.430526898,L1,B,M,1
12.95588261,12.95708931,0.429647716,L1,B,M,1
14.55733922,14.5531688,0.430002029,L1,B,M,1
13.10575419,13.10645767,0.429680868,L1,B,M,1
29.65168327,29.59683138,0.43334918,L2,B,M,1
12.34995143,12.35319263,0.429513698,L2,B,M,1
8.036491404,8.054215675,0.428560309,L2,B,M,1
16.92457967,16.91246089,0.430526054,L2,B,M,1
16.30416127,16.29412563,0.430388682,L2,B,M,1
10.77261588,10.78115321,0.429164933,L2,B,M,1
19.36002705,19.3397309,0.431065531,L2,B,M,1
20.31484295,20.29134086,0.43127713,L2,B,M,1
30.06653036,30.01028556,0.433441365,L2,B,M,1
16.48508238,16.47443927,0.430428739,L2,B,M,1
19.88790865,19.86584005,0.431182509,L2,B,M,1
5.78682936,5.8121072,0.428063527,L2,B,M,1
22.75634003,22.72464026,0.431818448,L2,B,M,1
27.26830585,27.22145649,0.432819761,L2,B,M,1
9.232746395,9.246454066,0.428824599,L2,B,M,1
12.83251765,12.83413856,0.429620429,L3,B,M,1
19.85219054,19.83024187,0.431174594,L3,B,M,1
13.4954584,13.49485339,0.429767077,L3,B,M,1
11.64705241,11.65265369,0.429358261,L3,B,M,1
2.359729352,2.39651418,0.427307338,L3,B,M,1
13.88447745,13.88256625,0.429853144,L3,B,M,1
4.475569076,4.505249664,0.427774112,L3,B,M,1
18.92130015,18.90247709,0.430968322,L3,B,M,1
12.6484129,12.65065198,0.429579708,L3,B,M,1
19.65067231,19.62940028,0.431129936,L3,B,M,1
16.576023,16.56507455,0.430448874,L3,B,M,1
11.81558135,11.82061678,0.429395526,L3,B,M,1
19.96598801,19.94365725,0.431199813,S1,B,F,1
29.99203345,29.93603879,0.43342481,S1,B,F,1
15.31373097,15.30702084,0.430169431,S1,B,F,1
27.70756357,27.65923934,0.432917308,S1,B,F,1
18.75858221,18.7403055,0.430932271,S1,B,F,1
17.65015379,17.63559879,0.430686738,S1,B,F,1
34.91067544,34.83816571,0.434518553,S1,B,F,1
15.41417187,15.40712451,0.430191663,S2,B,F,1
23.19857849,23.16539384,0.431916537,S2,B,F,1
21.6669509,21.63890891,0.431576869,S2,B,F,1
26.22051856,26.17718731,0.432587123,S2,B,F,1
23.05517932,23.02247616,0.43188473,S2,B,F,1
11.67243447,11.67795053,0.429363874,S2,B,F,1
25.27441627,25.23426169,0.432377119,S2,B,F,1
16.99092922,16.97858766,0.430540746,S2,B,F,1
17.11657296,17.10380954,0.430568569,S2,B,F,1
31.11124943,31.05149683,0.43367356,S2,B,F,1
19.95188998,19.92960656,0.431196689,S2,B,F,1
27.69538323,27.6470999,0.432914603,S2,B,F,1
16.87174324,16.85980186,0.430514354,S3,B,F,1
26.73958736,26.69451325,0.432702363,S3,B,F,1
12.27022737,12.27373626,0.429496067,L1,D,M,1
27.71237247,27.66403209,0.432918376,L1,D,M,1
9.494090859,9.506921027,0.42888235,L1,D,M,1
32.59328304,32.52855429,0.434003063,L1,D,M,1
21.59283166,21.56503854,0.431560435,L1,D,M,1
27.41643709,27.36909037,0.432852656,L2,D,M,1
33.42874223,33.36120831,0.434188869,L2,D,M,1
29.29274872,29.239102,0.433269429,L2,D,M,1
11.68538371,11.69085629,0.429366737,L2,D,M,1
28.61969921,28.56831235,0.433119904,L2,D,M,1
19.38851758,19.36812577,0.431071844,L2,D,M,1
19.67339758,19.65204924,0.431134972,L2,D,M,1
18.20001903,18.18361777,0.430808532,L2,D,M,1
19.65221115,19.63093395,0.431130277,L2,D,M,1
33.05694975,32.99066417,0.434106177,L2,D,M,1
16.74372356,16.73221203,0.430486006,L2,D,M,1
22.30566737,22.2754808,0.4317185,L2,D,M,1
14.80536361,14.8003604,0.430056917,L3,D,M,1
10.53389286,10.54323174,0.429112162,L3,D,M,1
15.60930198,15.60159944,0.430234855,L3,D,M,1
15.40468092,15.39766542,0.430189562,L3,D,M,1
14.83310748,14.82801112,0.430063057,L3,D,M,1
17.83916605,17.8239764,0.430728602,L3,D,M,1
41.72222145,41.62684096,0.436035567,S1,D,F,1
2.193769134,2.231111198,0.427270737,S1,D,F,1
6.632858138,6.655295312,0.428250315,S1,D,F,1
22.42703452,22.39644044,0.431745415,S1,D,F,1
54.10017348,53.96323221,0.4387992,S1,D,F,1
17.76574273,17.75079962,0.430712339,S1,D,F,1
19.58333904,19.56229308,0.431115015,S2,D,F,1
9.343559394,9.356894994,0.428849085,S2,D,F,1
10.47968048,10.48920139,0.429100179,S2,D,F,1
40.21920228,40.1288684,0.435700593,S2,D,F,1
12.68073144,12.682862,0.429586856,S2,D,F,1
15.0360424,15.03026466,0.43010797,S2,D,F,1
32.4358097,32.37160969,0.433968046,S2,D,F,1
29.12766335,29.07457093,0.433232751,S2,D,F,1
22.98049604,22.94804364,0.431868164,S2,D,F,1
20.48942024,20.46533198,0.431315825,S2,D,F,1
22.71625122,22.68468605,0.431809557,S2,D,F,1
11.60038571,11.60614368,0.429347943,S2,D,F,1
33.98505711,33.91565528,0.434312616,S2,D,F,1
22.7490023,22.71732717,0.43181682,S2,D,F,1
8.445663387,8.462013803,0.428650698,S2,D,F,1
22.10662791,22.07710964,0.431674362,S2,D,F,1
20.847379,20.82208885,0.431395171,S2,D,F,1
10.4428332,10.45247783,0.429092034,S3,D,F,1
33.10182351,33.03538727,0.434116158,S3,D,F,1
26.4297717,26.38573784,0.432633578,S3,D,F,1
18.56611758,18.54848709,0.430889632,S3,D,F,1
21.84856185,21.81991007,0.431617137,S3,D,F,1
18.17394502,18.15763131,0.430802756,S3,D,F,1
23.72397043,23.6890217,0.432033085,L1,B,M,1
15.75836614,15.75016309,0.430267852,L1,B,M,1
23.58854612,23.5540521,0.432003042,L1,B,M,1
37.22627266,37.14598798,0.435033959,L1,B,M,1
21.00295625,20.97714372,0.431429659,L1,B,M,1
17.35907189,17.34549424,0.430622272,L1,B,M,1
27.66137868,27.61320953,0.432907051,L1,B,M,1
38.711341,38.62606999,0.435364672,L1,B,M,1
34.73860788,34.66667589,0.434480266,L1,B,M,1
13.04602327,13.0469273,0.429667655,L1,B,M,1
3.071889131,3.106282779,0.427464416,L1,B,M,1
13.18761815,13.18804676,0.429698977,L1,B,M,1
13.73748751,13.73606986,0.429820622,L1,B,M,1
11.27130256,11.27816548,0.429275181,L2,B,M,1
18.65261968,18.63469875,0.430908796,L2,B,M,1
28.47480679,28.42390643,0.433087719,L2,B,M,1
45.64643095,45.53787435,0.436910768,L2,B,M,1
26.72310632,26.67808755,0.432698704,L2,B,M,1
10.04467011,10.05565163,0.429004028,L2,B,M,1
21.88691269,21.85813215,0.431625641,L2,B,M,1
15.95787712,15.94900418,0.430312018,L2,B,M,1
16.53011693,16.51932261,0.43043871,L2,B,M,1
18.51224453,18.49479493,0.430877697,L2,B,M,1
20.92977096,20.90420416,0.431413436,L2,B,M,1
22.93715152,22.90484465,0.431858551,L3,B,M,1
8.645617261,8.661296303,0.428694873,L3,B,M,1
8.876340575,8.891244929,0.428745849,L3,B,M,1
3.505386141,3.53832426,0.427560046,L3,B,M,1
9.035370196,9.049740586,0.428780986,L3,B,M,1
13.02289224,13.02387394,0.429662539,L3,B,M,1
11.5372712,11.54324109,0.429333987,S1,B,F,1
19.38480764,19.36442828,0.431071022,S1,B,F,1
16.18852949,16.1788821,0.430363081,S1,B,F,1
14.34132062,14.33787551,0.429954227,S1,B,F,1
3.261241683,3.294999553,0.427506186,S1,B,F,1
13.36435452,13.36418972,0.429738073,S1,B,F,1
18.96535828,18.94638728,0.430978083,S1,B,F,1
7.225473039,7.245920423,0.42838118,S1,B,F,1
19.91439158,19.89223407,0.431188378,S1,B,F,1
15.28697285,15.28035257,0.430163508,S2,B,F,1
32.27487558,32.21121594,0.43393226,S2,B,F,1
20.43797527,20.41405975,0.431304422,S3,B,F,1
26.92399728,26.87830399,0.432743308,L1,D,M,1
24.46012894,24.42270845,0.432196416,L1,D,M,1
28.89439027,28.8420811,0.433180926,L1,D,M,1
11.54089326,11.54685099,0.429334788,L1,D,M,1
8.327465723,8.344213006,0.428624586,L1,D,M,1
18.98575965,18.96672015,0.430982603,L1,D,M,1
13.66535388,13.66417843,0.429804663,L1,D,M,1
14.13916117,14.13639483,0.429909495,L1,D,M,1
4.091073668,4.122045255,0.427689268,L1,D,M,1
17.10087708,17.08816635,0.430565093,L1,D,M,1
36.20501201,36.12815636,0.434806608,L1,D,M,1
7.920946672,7.939058901,0.428534786,L1,D,M,1
3.868855198,3.900572916,0.427640237,L1,D,M,1
9.966167424,9.977412526,0.428986678,L1,D,M,1
19.1564695,19.13685682,0.431020427,L2,D,M,1
7.270891427,7.291186311,0.42839121,L2,D,M,1
24.60642058,24.56850889,0.432228877,L2,D,M,1
13.53463511,13.53389856,0.429775744,L2,D,M,1
19.33712059,19.31690134,0.431060455,L2,D,M,1
28.06501713,28.0154927,0.432996697,L2,D,M,1
20.0271254,20.00458937,0.431213363,L2,D,M,1
20.90859209,20.8830964,0.431408741,L2,D,M,1
16.68322148,16.67191309,0.43047261,L2,D,M,1
29.57098376,29.51640283,0.433331249,L2,D,M,1
14.48677259,14.4828391,0.429986414,L2,D,M,1
33.49411477,33.42636135,0.43420341,L2,D,M,1
20.42013576,20.39628014,0.431300468,L2,D,M,1
20.99026453,20.96449461,0.431426846,L3,D,M,1
6.694461639,6.716691971,0.428263918,L3,D,M,1
13.08942791,13.0901862,0.429677256,L3,D,M,1
6.289249289,6.31284018,0.428174447,L3,D,M,1
15.25314084,15.24663415,0.43015602,L3,D,M,1
18.91220409,18.89341157,0.430966306,S1,D,F,1
24.68874383,24.65055573,0.432247145,S1,D,F,1
22.37310693,22.34269392,0.431733455,S1,D,F,1
5.747638583,5.773048011,0.428054876,S1,D,F,1
16.93688016,16.92472007,0.430528777,S1,D,F,1
34.19629917,34.12618806,0.43435961,S1,D,F,1
26.94881474,26.90303812,0.432748818,S1,D,F,1
16.44520004,16.43469084,0.430419908,S1,D,F,1
8.559514317,8.575482463,0.42867585,S2,D,F,1
17.46401659,17.45008657,0.430645514,S2,D,F,1
3.426672793,3.459875203,0.427542681,S2,D,F,1
11.00874046,11.01648498,0.429217133,S2,D,F,1
12.21306633,12.21676715,0.429483425,S2,D,F,1
24.85001795,24.81128835,0.432282933,S2,D,F,1
26.27785261,26.23432884,0.432599851,S2,D,F,1
13.82115505,13.81945647,0.429839133,S3,D,F,1
22.15246572,21.37792427,0.526443526,L1,B,M,2
2.535905033,2.387612464,0.478811987,L1,B,M,2
20.32079052,19.60472438,0.521932092,L1,B,M,2
12.76455786,12.28972067,0.503453258,L1,B,M,2
6.904557212,6.616797608,0.489280286,L1,B,M,2
25.52868137,24.64635593,0.534790032,L1,B,M,2
19.6825539,18.98686314,0.520362952,L1,B,M,2
12.56086406,12.09252969,0.502958207,L1,B,M,2
24.61603136,23.7628418,0.532529959,L1,B,M,2
9.517715288,9.146531921,0.495582537,L1,B,M,2
28.37744175,27.40417105,0.541862564,L1,B,M,2
7.123049835,6.828314964,0.489806097,L1,B,M,2
2.089537295,1.955494793,0.477747338,L1,B,M,2
2.427665862,2.282828775,0.478553735,L1,B,M,2
16.92257402,16.31499425,0.513594725,L1,B,M,2
25.51581564,24.63390093,0.534758152,L1,B,M,2
13.62900204,13.1265679,0.505556035,L1,B,M,2
20.58469001,19.86019901,0.522581336,L1,B,M,2
2.657527494,2.505352189,0.479102236,L1,B,M,2
12.42175519,11.9578618,0.502620218,L1,B,M,2
29.16067467,28.16239965,0.543811727,L1,B,M,2
3.372020367,3.197035234,0.480808751,L1,B,M,2
11.95719069,11.50812829,0.501492048,L1,B,M,2
32.40963633,31.30763984,0.551917904,L2,B,M,2
7.769754978,7.454374369,0.491363643,L2,B,M,2
11.05572679,10.63544318,0.499305414,L2,B,M,2
21.75856394,20.9965976,0.525472331,L2,B,M,2
24.59375257,23.74127426,0.532474823,L2,B,M,2
8.839126938,8.489607164,0.493943134,L2,B,M,2
16.8691086,16.26323568,0.513463896,L2,B,M,2
29.77294691,28.75512541,0.545336806,L2,B,M,2
19.69106236,18.99509997,0.520383861,L2,B,M,2
6.972085843,6.682170421,0.489442774,L2,B,M,2
1.229075029,1.122502354,0.475697682,L2,B,M,2
37.73790581,36.46580698,0.565281425,L2,B,M,2
22.21787118,21.44124169,0.526604841,L2,B,M,2
11.22825795,10.80246637,0.499723655,L2,B,M,2
21.8186372,21.05475306,0.52562041,L2,B,M,2
36.60105099,35.36524568,0.562423144,L2,B,M,2
23.91887222,23.08793913,0.530805439,L2,B,M,2
10.22152551,9.827873352,0.497284935,L2,B,M,2
24.28118577,23.43868599,0.531701463,L2,B,M,2
3.96986673,3.775795652,0.482238485,L2,B,M,2
7.862370716,7.544033395,0.491586851,L2,B,M,2
2.41704639,2.272548323,0.478528401,L2,B,M,2
2.462462074,2.316514135,0.478636751,L2,B,M,2
9.750381231,9.37177012,0.496145085,L2,B,M,2
22.38151044,21.59965685,0.527008506,L3,B,M,2
7.508938206,7.201884042,0.490735263,L3,B,M,2
15.95225936,15.37565639,0.511222079,L3,B,M,2
8.512745087,8.17364489,0.493155328,L3,B,M,2
8.716989007,8.371368426,0.493648269,L3,B,M,2
5.016740728,4.789248721,0.484746008,L3,B,M,2
11.95178365,11.50289387,0.501478922,L3,B,M,2
31.91877781,30.83245173,0.550691097,L3,B,M,2
3.195009455,3.025675307,0.480385751,L3,B,M,2
32.12447254,31.03157976,0.551205102,L3,B,M,2
18.55969336,17.89984937,0.517605964,L3,B,M,2
6.453764015,6.180395758,0.4881961,L3,B,M,2
10.13019536,9.739458877,0.497063905,L3,B,M,2
8.80385698,8.455463181,0.493857979,L3,B,M,2
24.20928673,23.3690823,0.531523617,L3,B,M,2
5.779443553,5.52760264,0.486575999,L3,B,M,2
16.33959055,15.75062223,0.512168761,L3,B,M,2
22.51001373,21.72405773,0.527325563,L3,B,M,2
15.04053757,14.49304086,0.508996016,L3,B,M,2
6.102346004,5.840196591,0.487351541,L3,B,M,2
25.17358379,24.30259465,0.533910338,L3,B,M,2
23.83401756,23.00579341,0.530595653,S1,B,F,2
13.95871672,13.44575661,0.50635886,S1,B,F,2
8.778886568,8.431289937,0.493797694,S1,B,F,2
38.54076563,37.2430359,0.567302202,S1,B,F,2
8.298906229,7.96663273,0.492639421,S1,B,F,2
53.10273755,51.34012415,0.604252092,S1,B,F,2
13.00687724,12.52430412,0.504042401,S1,B,F,2
9.590519112,9.217011519,0.49575854,S1,B,F,2
13.17397594,12.68606828,0.504448801,S1,B,F,2
21.18420227,20.44057215,0.524057187,S1,B,F,2
11.03074838,10.61126219,0.499244873,S1,B,F,2
21.50519421,20.75131657,0.524847919,S1,B,F,2
18.80520592,18.13752406,0.518208379,S2,B,F,2
8.717907385,8.372257484,0.493650486,S2,B,F,2
17.93540892,17.29549489,0.516075166,S2,B,F,2
3.117819029,2.950949147,0.480201337,S2,B,F,2
21.03321409,20.29440418,0.52368537,S2,B,F,2
17.58812336,16.95929625,0.515224224,S2,B,F,2
12.57587528,12.10706168,0.502994684,S2,B,F,2
36.167136,34.94518321,0.561333179,S2,B,F,2
24.9315843,24.06832087,0.53331107,S2,B,F,2
16.10040781,15.51907528,0.511584103,S2,B,F,2
7.31299503,7.012196253,0.490263377,S2,B,F,2
18.2819622,17.63098464,0.516924764,S2,B,F,2
23.92979953,23.09851758,0.530832456,S2,B,F,2
5.40451811,5.164646504,0.485676094,S2,B,F,2
16.78850218,16.18520258,0.513266674,S2,B,F,2
19.60972298,18.91635731,0.520183988,S2,B,F,2
33.38548663,32.25233661,0.554359045,S2,B,F,2
33.11980625,31.99513794,0.553694144,S2,B,F,2
16.80733626,16.20343539,0.513312754,S2,B,F,2
45.71966592,44.19275339,0.585450004,S2,B,F,2
9.666704092,9.290764331,0.495942741,S3,B,F,2
14.63181793,14.09736939,0.507999138,S3,B,F,2
10.79369191,10.38177362,0.49867044,S3,B,F,2
10.86503118,10.45083543,0.498843284,S3,B,F,2
4.894447807,4.67085994,0.484452829,S3,B,F,2
14.23536805,13.71357598,0.507032814,S3,B,F,2
6.335589765,6.065994163,0.487912032,S3,B,F,2
11.63171401,11.19304229,0.500702171,S3,B,F,2
6.315454963,6.046502153,0.487863638,S3,B,F,2
1.73664812,1.613871428,0.476906316,S3,B,F,2
6.245240416,5.978529172,0.487694891,S3,B,F,2
4.087851126,3.890013455,0.482520837,S3,B,F,2
1.76736221,1.643604986,0.476979492,S3,B,F,2
28.4293661,27.45443774,0.541991722,S3,B,F,2
5.948349233,5.691116091,0.486981616,S3,B,F,2
12.64386648,12.1728823,0.503159913,L1,D,M,2
11.36726089,10.93703171,0.500060708,L1,D,M,2
42.3859214,40.965437,0.577005263,L1,D,M,2
5.861298996,5.606844889,0.486772554,L1,D,M,2
29.17158922,28.17296576,0.543838903,L1,D,M,2
22.45708178,21.67281561,0.527194957,L1,D,M,2
24.17608058,23.33693624,0.531441485,L1,D,M,2
24.92642392,24.06332524,0.533298293,L1,D,M,2
14.04775891,13.53195617,0.506575744,L1,D,M,2
37.65193782,36.38258347,0.565065154,L1,D,M,2
9.905540626,9.521976129,0.496520363,L1,D,M,2
25.62384948,24.73848583,0.535025867,L1,D,M,2
20.8826673,20.14866352,0.523314721,L1,D,M,2
31.9468261,30.85960459,0.550761179,L1,D,M,2
37.70569919,36.43462854,0.5652004,L1,D,M,2
36.28760922,35.06181038,0.561635745,L1,D,M,2
13.86928633,13.35918124,0.506141062,L1,D,M,2
17.76370988,17.12927726,0.515654401,L1,D,M,2
26.45275696,25.54093087,0.53708126,L1,D,M,2
34.39992239,33.23438701,0.556899765,L1,D,M,2
34.63065041,33.45774915,0.557478068,L1,D,M,2
52.02589582,50.29766006,0.601501526,L1,D,M,2
15.89847799,15.32359196,0.511090677,L1,D,M,2
11.56581134,11.12924353,0.500542289,L2,D,M,2
29.4214896,28.4148882,0.544461232,L2,D,M,2
24.60764103,23.75471933,0.532509194,L2,D,M,2
30.27181114,29.23806365,0.546580285,L2,D,M,2
71.31586807,68.9718096,0.651156589,L2,D,M,2
40.64556504,39.28064064,0.57260852,L2,D,M,2
48.56123505,46.94360685,0.59267061,L2,D,M,2
32.42566932,31.32316098,0.551957988,L2,D,M,2
19.36824992,18.68259316,0.519590765,L2,D,M,2
51.82036687,50.09869252,0.600976856,L2,D,M,2
30.57858678,29.53504563,0.547345351,L2,D,M,2
24.40476409,23.55831913,0.532007184,L2,D,M,2
45.52463342,44.00394721,0.584955166,L2,D,M,2
26.6468872,25.72886359,0.537562965,L2,D,M,2
38.08867869,36.80538162,0.566164086,L2,D,M,2
27.06112359,26.12987569,0.538591248,L2,D,M,2
21.68368333,20.92410752,0.525287769,L2,D,M,2
24.82899047,23.9690023,0.533057075,L2,D,M,2
13.85631389,13.34662293,0.506109472,L2,D,M,2
34.60307307,33.4310522,0.557408939,L2,D,M,2
19.70926795,19.01272437,0.5204286,L2,D,M,2
19.09467719,18.41775411,0.518918943,L2,D,M,2
25.68086543,24.79368159,0.535167172,L2,D,M,2
32.75665219,31.64357739,0.55278565,L2,D,M,2
34.72420302,33.54831514,0.557712597,L2,D,M,2
21.05482496,20.31532514,0.523738583,L3,D,M,2
31.75465932,30.67357264,0.55028108,L3,D,M,2
33.12560332,32.00074994,0.55370865,L3,D,M,2
19.46725496,18.77843752,0.519833963,L3,D,M,2
10.00946607,9.622583805,0.496771779,L3,D,M,2
11.41503036,10.98327616,0.500176557,L3,D,M,2
21.62633749,20.86859242,0.52514644,L3,D,M,2
12.44895098,11.98418938,0.502686288,L3,D,M,2
13.44245475,12.94597604,0.505102001,L3,D,M,2
10.45999388,10.05872874,0.497862221,L3,D,M,2
41.37836166,39.9900431,0.574458815,L3,D,M,2
31.44606402,30.37482909,0.549510343,L3,D,M,2
21.990987,21.22160068,0.526045321,L3,D,M,2
21.47193267,20.7191169,0.524765966,L3,D,M,2
18.01092405,17.36859924,0.516260258,L3,D,M,2
15.74247538,15.17256966,0.510709584,L3,D,M,2
2.732857282,2.578277111,0.479282043,L3,D,M,2
5.670920644,5.422544271,0.486315455,L3,D,M,2
35.16022642,33.97041872,0.558806012,L3,D,M,2
26.10258185,25.20193491,0.536212671,L3,D,M,2
28.21312712,27.24510209,0.5414539,L3,D,M,2
18.43974802,17.78373322,0.517311735,S1,D,F,2
32.83267188,31.71717019,0.552975793,S1,D,F,2
9.541607246,9.16966114,0.495640293,S1,D,F,2
33.09889986,31.97489898,0.553641832,S1,D,F,2
14.09669697,13.5793319,0.506694957,S1,D,F,2
3.057985109,2.893025395,0.480058407,S1,D,F,2
25.25545905,24.38185609,0.534113132,S1,D,F,2
21.30526885,20.55777373,0.524355379,S1,D,F,2
13.26193077,12.7712152,0.50466276,S1,D,F,2
24.80176508,23.94264607,0.532989678,S1,D,F,2
26.8074184,25.88426991,0.537961393,S2,D,F,2
26.54757191,25.63271889,0.537316513,S2,D,F,2
5.316496844,5.079435273,0.485464915,S2,D,F,2
10.14681737,9.755550232,0.497104129,S2,D,F,2
14.52878781,13.99762846,0.507747948,S2,D,F,2
40.0672778,38.72081494,0.571149399,S2,D,F,2
23.68007339,22.85676383,0.530215121,S2,D,F,2
6.59143358,6.313670291,0.488527108,S2,D,F,2
13.58778618,13.08666783,0.505455708,S2,D,F,2
7.078950763,6.785623732,0.489699954,S2,D,F,2
21.09539321,20.35459827,0.523838479,S2,D,F,2
30.52470383,29.48288286,0.547210951,S2,D,F,2
12.43441181,11.97011437,0.502650966,S2,D,F,2
27.95048369,26.99084341,0.540800866,S2,D,F,2
9.63335343,9.258478373,0.495862103,S2,D,F,2
31.63314876,30.55594125,0.549977565,S2,D,F,2
10.60741692,10.20144537,0.498219224,S2,D,F,2
17.57522664,16.94681125,0.515192633,S2,D,F,2
11.8012059,11.35712324,0.501113445,S2,D,F,2
19.93649787,19.23270008,0.52098711,S2,D,F,2
24.48791832,23.63881871,0.532212928,S2,D,F,2
13.53316254,13.03378803,0.505322756,S2,D,F,2
3.215433952,3.045447763,0.480434552,S2,D,F,2
13.19730653,12.70865406,0.504505552,S2,D,F,2
11.78309231,11.33958791,0.501069486,S2,D,F,2
31.59763673,30.52156292,0.549888869,S3,D,F,2
23.25236575,22.44271054,0.529158309,S3,D,F,2
22.03803359,21.26714533,0.526161328,S3,D,F,2
21.13042016,20.388507,0.523924736,S3,D,F,2
12.30756282,11.84731496,0.502342826,S3,D,F,2
18.25679202,17.606618,0.516863043,S3,D,F,2
13.14266479,12.65575672,0.504372641,S3,D,F,2
31.99402041,30.90529225,0.550879104,S3,D,F,2
6.437534059,6.164683936,0.488157082,S3,D,F,2
7.811943276,7.495215826,0.491465314,S3,D,F,2
27.12538846,26.19208894,0.538750827,S3,D,F,2
4.662525483,4.44634162,0.483897016,S3,D,F,2
16.28403665,15.69684186,0.512032946,S3,D,F,2
32.72249133,31.6105071,0.552700211,S3,D,F,2
16.38073414,15.79045233,0.512269355,S3,D,F,2
25.63160916,25.25048192,0.584149604,L1,B,M,3
6.847078939,6.68671026,0.574467979,L1,B,M,3
18.89946391,18.59745383,0.580672213,L1,B,M,3
19.01499339,18.7116256,0.580731817,L1,B,M,3
21.22635595,20.8969999,0.581873186,L1,B,M,3
23.00134407,22.6511281,0.582789981,L1,B,M,3
54.23208463,53.51484041,0.599013718,L1,B,M,3
18.05778361,17.76566508,0.580238048,L1,B,M,3
28.55719313,28.141684,0.585663373,L1,B,M,3
13.08171794,12.84807887,0.577673956,L1,B,M,3
37.42707274,36.90732349,0.590262339,L1,B,M,3
16.29202595,16.02065887,0.579327646,L1,B,M,3
22.85731939,22.50879601,0.58271557,L1,B,M,3
29.42541814,28.99970551,0.586112914,L1,B,M,3
27.30383046,26.90305104,0.585014661,L1,B,M,3
25.31633027,24.93890824,0.583986565,L1,B,M,3
34.50711342,34.02167996,0.588746801,L1,B,M,3
36.27131736,35.76515071,0.589662289,L1,B,M,3
22.19303399,21.85231739,0.58237241,L1,B,M,3
34.652532,34.16538955,0.588822241,L1,B,M,3
1.531572505,1.433672438,0.571740555,L1,B,M,3
26.61257254,26.21991688,0.584657004,L1,B,M,3
11.73707274,11.51923613,0.576981884,L1,B,M,3
15.50235741,15.24027063,0.578920692,L1,B,M,3
32.2814944,31.82221674,0.58759267,L1,B,M,3
27.06268643,26.66474097,0.584889883,L1,B,M,3
37.75320614,37.22962412,0.590431706,L2,B,M,3
22.57911896,22.23386503,0.582571846,L2,B,M,3
28.41941327,28.00552336,0.585592047,L2,B,M,3
26.43626386,26.04568021,0.584565796,L2,B,M,3
40.37788683,39.82345917,0.591795432,L2,B,M,3
29.29198432,28.86783982,0.586043817,L2,B,M,3
29.97328579,29.54113454,0.586396654,L2,B,M,3
32.78268228,32.31751459,0.587852491,L2,B,M,3
38.40710379,37.87583707,0.590771343,L2,B,M,3
45.92423,45.30462091,0.59468118,L2,B,M,3
35.12734643,34.63462389,0.589068591,L2,B,M,3
50.96565363,50.28679699,0.597308862,L2,B,M,3
40.84159654,40.2817193,0.592036493,L2,B,M,3
39.36506964,38.82254476,0.59126905,L2,B,M,3
17.90288684,17.61258869,0.580158162,L2,B,M,3
46.95329293,46.32159014,0.595217189,L2,B,M,3
37.73133997,37.20801492,0.59042035,L2,B,M,3
30.77244589,30.33090279,0.586810636,L2,B,M,3
54.48618021,53.76594982,0.599146415,L2,B,M,3
37.42425736,36.90454119,0.590260877,L2,B,M,3
37.43045942,36.91067036,0.590264098,L2,B,M,3
51.31210101,50.62917286,0.597489598,L2,B,M,3
51.85906302,51.1697069,0.59777498,L2,B,M,3
15.5335028,15.27105,0.578936741,L3,B,M,3
41.64140041,41.07212376,0.592452361,L3,B,M,3
37.13437802,36.61806856,0.590110354,L3,B,M,3
40.79555721,40.23622104,0.592012557,L3,B,M,3
34.91493632,34.42471006,0.588958381,L3,B,M,3
29.48228368,29.05590276,0.586142362,L3,B,M,3
32.82877029,32.36306096,0.587876386,L3,B,M,3
20.02984014,19.71454572,0.581255505,L3,B,M,3
22.18313928,21.84253897,0.582367299,L3,B,M,3
33.07677765,32.60815371,0.588004975,L3,B,M,3
28.86536162,28.44623085,0.585822917,L3,B,M,3
39.86143362,39.3130754,0.591526998,L3,B,M,3
39.9970963,39.44714376,0.591597506,L3,B,M,3
27.15782877,26.75876518,0.584939112,L3,B,M,3
25.0887446,24.71399719,0.583868885,L3,B,M,3
45.16732028,44.5566065,0.594287045,L3,B,M,3
25.48782102,25.1083836,0.584075245,L3,B,M,3
24.03175696,23.66943142,0.583322465,L3,B,M,3
19.49602045,19.18699955,0.580980016,L3,B,M,3
27.55095615,27.14727246,0.585142545,L3,B,M,3
31.28818256,30.84057844,0.58707786,L3,B,M,3
11.61712943,11.40070241,0.576920168,L3,B,M,3
33.57243597,33.09798697,0.588262,L3,B,M,3
19.07771992,18.77361495,0.58076418,L3,B,M,3
31.35604913,30.90764744,0.587113028,S1,B,F,3
15.55197087,15.28930102,0.578946257,S1,B,F,3
21.05620863,20.72885217,0.581785334,S1,B,F,3
20.71322316,20.38989752,0.581608257,S1,B,F,3
42.2422138,41.6658763,0.592764835,S1,B,F,3
43.93980744,43.34351958,0.593648071,S1,B,F,3
11.13931567,10.928504,0.576674337,S1,B,F,3
27.88390171,27.4763052,0.585314857,S1,B,F,3
7.148180023,6.984272759,0.57462264,S1,B,F,3
46.77367645,46.14408454,0.595123619,S1,B,F,3
35.63371792,35.13504444,0.589331359,S1,B,F,3
10.0589556,9.860840474,0.576118662,S1,B,F,3
18.56897118,18.2708451,0.580501719,S1,B,F,3
32.93441217,32.46746132,0.587931159,S1,B,F,3
38.22582979,37.69669342,0.590677181,S1,B,F,3
12.76423857,12.53433057,0.577510523,S1,B,F,3
19.57392555,19.26398911,0.581020218,S1,B,F,3
32.78798914,32.32275908,0.587855243,S1,B,F,3
35.36916659,34.87360216,0.589194072,S1,B,F,3
33.37304567,32.90093993,0.5881586,S1,B,F,3
43.99764691,43.4006793,0.593678173,S1,B,F,3
50.01381332,49.34614284,0.59681241,S1,B,F,3
46.318014,45.6937771,0.594886269,S1,B,F,3
38.75112066,38.215811,0.590950057,S1,B,F,3
46.41244233,45.7870957,0.594935453,S1,B,F,3
10.99338729,10.78429058,0.576599267,S1,B,F,3
21.34942372,21.01862136,0.581936732,S1,B,F,3
29.59358898,29.16589997,0.586200004,S2,B,F,3
14.63691477,14.38499879,0.578474824,S2,B,F,3
24.04926984,23.68673848,0.583331517,S2,B,F,3
15.22423128,14.96541308,0.578777389,S2,B,F,3
13.47294536,13.23470852,0.577875381,S2,B,F,3
14.30448847,14.05647921,0.578303599,S2,B,F,3
26.99410095,26.59696151,0.584854396,S2,B,F,3
40.56009847,40.00352943,0.591890151,S2,B,F,3
31.04352806,30.59879916,0.586951088,S2,B,F,3
34.55058586,34.0646415,0.588769353,S2,B,F,3
36.65090398,36.14027637,0.589859338,S2,B,F,3
17.83311512,17.54363693,0.580122179,S2,B,F,3
33.64423315,33.16894038,0.588299235,S2,B,F,3
17.69458189,17.40673176,0.580050738,S2,B,F,3
33.52929582,33.05535381,0.588239628,S2,B,F,3
29.27900227,28.85501034,0.586037094,S2,B,F,3
36.16438342,35.65947348,0.589606782,S2,B,F,3
28.80121445,28.38283755,0.585789706,S2,B,F,3
30.18028009,29.7456962,0.58650387,S2,B,F,3
10.94982441,10.74123967,0.576576857,S2,B,F,3
50.81676112,50.13965428,0.597231194,S2,B,F,3
9.770888517,9.576158799,0.575970535,S2,B,F,3
18.58844523,18.29009029,0.580511765,S2,B,F,3
21.9761653,21.63799737,0.582260397,S2,B,F,3
21.27695058,20.94699993,0.58189931,S2,B,F,3
51.59760074,50.91131736,0.597638554,S3,B,F,3
40.79467235,40.23534657,0.592012097,S3,B,F,3
46.48825812,45.86202048,0.594974943,S3,B,F,3
32.54239309,32.08004931,0.587727917,S3,B,F,3
36.44128724,35.93312308,0.58975052,S3,B,F,3
51.48490945,50.79995043,0.597579757,S3,B,F,3
41.13406109,40.57074677,0.59218855,S3,B,F,3
62.47459821,61.66048676,0.60332379,S3,B,F,3
44.71029554,44.10495278,0.594049113,S3,B,F,3
21.70398943,21.36902016,0.58211983,L1,D,M,3
8.436016047,8.256973946,0.575284335,L1,D,M,3
4.161900931,4.033088858,0.573089509,L1,D,M,3
9.760923759,9.566311147,0.575965411,L1,D,M,3
14.82218255,14.56808928,0.57857026,L1,D,M,3
3.35398644,3.234669096,0.572675029,L1,D,M,3
3.10125042,2.984903267,0.572545396,L1,D,M,3
3.652935159,3.530104526,0.572828382,L1,D,M,3
6.052546067,5.901514855,0.57405995,L1,D,M,3
9.234190902,9.045768532,0.575694601,L1,D,M,3
30.33787633,29.90144035,0.586585505,L2,D,M,3
25.86038454,25.4765687,0.584267922,L2,D,M,3
21.74452405,21.40907841,0.582140763,L2,D,M,3
5.523824654,5.379007053,0.573788495,L2,D,M,3
22.66593916,22.31966492,0.582616697,L2,D,M,3
50.46676576,49.79377212,0.597048637,L2,D,M,3
22.44622846,22.10253629,0.582503197,L2,D,M,3
36.82316315,36.31051113,0.589948769,L2,D,M,3
28.19382134,27.78258261,0.58547527,L2,D,M,3
28.24431308,27.83248096,0.585501406,L2,D,M,3
38.2291419,37.69996661,0.590678901,L2,D,M,3
14.27342407,14.02577989,0.578287599,L2,D,M,3
21.50677942,21.17412779,0.582017988,L2,D,M,3
25.62480655,25.24375926,0.584146086,L2,D,M,3
21.4523011,21.1202897,0.581989856,L2,D,M,3
30.08657811,29.65309542,0.586455335,L2,D,M,3
19.74662078,19.43465479,0.581109337,L2,D,M,3
24.72407881,24.353617,0.583680344,L2,D,M,3
31.89427992,31.43955285,0.587391965,L2,D,M,3
34.64807243,34.16098239,0.588819928,L2,D,M,3
27.7081895,27.30265798,0.585223916,L2,D,M,3
12.55648427,12.32901782,0.577403584,L2,D,M,3
32.41639403,31.95553101,0.587662599,L2,D,M,3
6.462109679,6.306265215,0.574270264,L3,D,M,3
26.21383032,25.82586074,0.584450735,L3,D,M,3
21.91254631,21.57512605,0.582227539,L3,D,M,3
25.39429258,25.01595432,0.58402688,L3,D,M,3
24.30548822,23.93994575,0.583463953,L3,D,M,3
20.53496379,20.21373308,0.581516234,L3,D,M,3
27.91198985,27.50406324,0.585329394,L3,D,M,3
24.08675897,23.72378704,0.583350894,L3,D,M,3
26.99525718,26.59810415,0.584854994,L3,D,M,3
6.514634499,6.358172755,0.574297238,L3,D,M,3
33.54836084,33.07419478,0.588249515,L3,D,M,3
31.79700902,31.3434251,0.58734155,L3,D,M,3
16.23217037,15.96150672,0.579296795,L3,D,M,3
25.88608949,25.50197156,0.584281216,L3,D,M,3
10.03059803,9.832816172,0.576104079,L3,D,M,3
28.17255988,27.76157102,0.585464265,L3,D,M,3
24.29521763,23.92979587,0.583458644,S1,D,F,3
41.59926808,41.03048657,0.59243045,S1,D,F,3
37.20667413,36.68951503,0.590147893,S1,D,F,3
17.51472612,17.22898968,0.579957992,S1,D,F,3
25.88404027,25.49994642,0.584280156,S1,D,F,3
27.87319319,27.46572253,0.585309314,S1,D,F,3
15.94843283,15.6811037,0.579150562,S1,D,F,3
49.20485666,48.54669316,0.596390604,S1,D,F,3
21.35891279,21.02799891,0.581941632,S1,D,F,3
19.94027746,19.62603559,0.581209281,S1,D,F,3
31.29781928,30.85010192,0.587082853,S1,D,F,3
52.28068654,51.58637543,0.597995001,S1,D,F,3
46.71186785,46.08300232,0.595091421,S1,D,F,3
58.08379743,57.32128731,0.601026384,S1,D,F,3
23.49159213,23.13561469,0.583043301,S1,D,F,3
57.18154021,56.42963356,0.600554695,S1,D,F,3
21.52628612,21.19340524,0.582028061,S1,D,F,3
38.6538361,38.11966974,0.590899516,S2,D,F,3
69.09530752,68.20338852,0.606794014,S2,D,F,3
51.11564139,50.43502206,0.597387106,S2,D,F,3
12.5832103,12.35542977,0.577417341,S2,D,F,3
47.56389315,46.9250145,0.59553532,S2,D,F,3
49.6545962,48.9911473,0.596625093,S2,D,F,3
47.11882692,46.48517875,0.595303428,S2,D,F,3
60.44670442,59.65642508,0.60226233,S2,D,F,3
33.8287035,33.35124281,0.588394906,S2,D,F,3
67.52875313,66.65524451,0.605972257,S2,D,F,3
20.76367041,20.43975191,0.581634301,S2,D,F,3
30.08691774,29.65343106,0.586455511,S2,D,F,3
19.42567873,19.1174845,0.580943719,S2,D,F,3
29.11831819,28.69621464,0.585953891,S2,D,F,3
23.33557379,22.9814299,0.582962679,S2,D,F,3
56.66332706,55.91751052,0.600283842,S2,D,F,3
34.21031304,33.72836761,0.588592839,S2,D,F,3
17.25303015,16.97036921,0.579823055,S2,D,F,3
46.20720772,45.58427303,0.594828556,S3,D,F,3
29.2043009,28.78118687,0.585998413,S3,D,F,3
57.26475992,56.51187525,0.600598196,S3,D,F,3
30.19819681,29.76340236,0.586513151,S3,D,F,3
46.65933635,46.03108818,0.595064057,S3,D,F,3
43.78581841,43.19134024,0.593567932,S3,D,F,3
31.69219485,31.23984272,0.587287228,S3,D,F,3
38.97544091,38.437495,0.5910666,S3,D,F,3
46.49129399,45.86502067,0.594976524,S3,D,F,3
38.8031841,38.26726258,0.590977105,S3,D,F,3
22.29889849,21.95693776,0.582427093,S3,D,F,3
15.66241911,15.39845126,0.57900317,S3,D,F,3
37.31681157,36.79835812,0.590205083,S3,D,F,3
17.19820006,16.91618349,0.579794785,S3,D,F,3
26.4839402,26.09279625,0.584590459,S3,D,F,3
44.2047467,43.60534523,0.593785961,S3,D,F,3
21.00474188,20.67799027,0.581758761,S3,D,F,3
34.90334923,36.28179355,0.337912509,L2,B,M,3
31.24833695,32.462455,0.343628517,L2,B,M,3
34.50190874,35.86230463,0.33853758,L2,B,M,3
17.96632509,18.58329509,0.364837246,L2,B,M,3
9.788375167,10.03767143,0.378200636,L2,B,M,3
27.41394433,28.45567132,0.349683259,L2,B,M,3
26.86039423,27.87723408,0.350562094,L2,B,M,3
19.55412672,20.24248294,0.362268188,L2,B,M,3
29.77924151,30.92731027,0.345941431,L2,B,M,3
31.04632029,32.25135584,0.343946053,L2,B,M,3
22.73478442,23.56614033,0.357148333,L2,B,M,3
43.67754502,45.45046979,0.324429007,L2,B,M,3
39.1530052,40.72251047,0.331338403,L2,B,M,3
29.07465791,30.19104919,0.347053767,L2,B,M,3
40.99652656,42.64891499,0.328511656,L2,B,M,3
15.90337763,16.42759925,0.368187824,L2,B,M,3
25.27897048,26.22471085,0.353079234,L2,B,M,3
22.92853293,23.76859961,0.356837625,L3,B,M,3
51.04833555,53.15264484,0.31338737,L3,B,M,3
38.75874933,40.31052919,0.331944941,L3,B,M,3
55.18175262,57.47189686,0.307320681,L3,B,M,3
20.71139863,21.45178482,0.360401214,L3,B,M,3
40.65910429,42.2963225,0.329027872,L3,B,M,3
29.34049152,30.46883445,0.346633861,L3,B,M,3
22.69056456,23.51993238,0.357219266,L3,B,M,3
31.29040621,32.50641566,0.343562412,L3,B,M,3
56.07039805,58.40049504,0.306028861,L3,B,M,3
19.37007594,20.05015739,0.362565538,L3,B,M,3
28.46074172,29.54953184,0.34802456,L3,B,M,3
36.33867444,37.78164977,0.335683254,L3,B,M,3
48.15270976,50.12683416,0.317692076,L3,B,M,3
36.91174125,38.38048118,0.334795698,L3,B,M,3
33.64675593,34.96870487,0.339871388,L3,B,M,3
38.6828768,40.2312455,0.332061746,L3,B,M,3
38.67017585,40.21797352,0.332081302,L3,B,M,3
58.8875654,61.34431985,0.301963808,L3,B,M,3
19.18488574,19.8566412,0.362864847,L1,B,M,3
26.3872725,27.38284119,0.351314166,L1,B,M,3
28.61409437,29.7097791,0.347781923,L1,B,M,3
24.15449591,25.04968085,0.354874751,L1,B,M,3
26.09526235,27.07770251,0.351778768,L1,B,M,3
30.79897689,31.99289209,0.344335059,L1,B,M,3
45.24960009,47.09320313,0.322051115,L1,B,M,3
28.28483263,29.36571402,0.348302999,L1,B,M,3
24.71503571,25.63542204,0.353979117,L1,B,M,3
46.74912892,48.66014951,0.319794269,L1,B,M,3
20.69755098,21.43731459,0.360423526,L1,B,M,3
35.95690367,37.38271491,0.336275328,L1,B,M,3
24.3303509,25.23344213,0.354593644,L1,B,M,3
27.80900417,28.86849272,0.34905677,L1,B,M,3
29.184777,30.30611914,0.346879791,L1,B,M,3
30.50925793,31.69014761,0.344791025,L1,B,M,3
67.54846744,70.39460875,0.289772145,L1,B,M,3
15.2536496,15.74865999,0.369246017,S1,B,F,3
34.13934166,35.48343684,0.339102711,S1,B,F,3
35.6753717,37.0885255,0.33671235,S1,B,F,3
40.81171946,42.45579913,0.328794323,S1,B,F,3
33.03195188,34.32625976,0.340832213,S1,B,F,3
36.11502819,37.54794858,0.336030022,S1,B,F,3
33.77415357,35.1018302,0.339672487,S1,B,F,3
49.04485229,51.05908667,0.316361126,S1,B,F,3
42.39209227,44.10722417,0.326382248,S1,B,F,3
31.73844847,32.97460153,0.342858834,S1,B,F,3
29.95773339,31.113827,0.345659955,S1,B,F,3
23.3879063,24.24862602,0.356101485,S1,B,F,3
14.14285462,14.58792461,0.371058326,S1,B,F,3
41.63282447,43.31382032,0.327539636,S1,B,F,3
20.16271899,20.87843701,0.361285791,S1,B,F,3
37.69490368,39.19885394,0.333585079,S1,B,F,3
29.08875861,30.20578384,0.347031487,S2,B,F,3
29.75964365,30.90683131,0.345972343,S2,B,F,3
58.68953285,61.13738393,0.302248033,S2,B,F,3
35.44167324,36.84432016,0.337075379,S2,B,F,3
54.92487228,57.20346739,0.307694944,S2,B,F,3
20.52764724,21.25977212,0.360697339,S2,B,F,3
63.3377104,65.99453962,0.295639864,S2,B,F,3
56.10850578,58.44031606,0.305973565,S2,B,F,3
60.37257261,62.89609174,0.29983998,S2,B,F,3
16.74601155,17.30811728,0.366817526,S2,B,F,3
21.18545862,21.94715814,0.359637789,S2,B,F,3
12.46303825,12.83258511,0.373806549,S2,B,F,3
22.13337934,22.93769659,0.358113651,S2,B,F,3
38.6816946,40.23001014,0.332063566,S2,B,F,3
47.38569996,49.32534024,0.318839614,S2,B,F,3
44.34877908,46.15188197,0.323412225,S2,B,F,3
45.8629854,47.73416573,0.321126595,S2,B,F,3
37.22127484,38.70393114,0.334316895,S2,B,F,3
31.23558689,32.44913171,0.343648553,S2,B,F,3
66.95437682,69.77380832,0.290592912,S2,B,F,3
36.84287853,38.30852245,0.334902275,S2,B,F,3
45.70575121,47.56986242,0.321363407,S3,B,F,3
30.771925,31.96462397,0.34437762,S3,B,F,3
12.22386547,12.58265932,0.37419857,S3,B,F,3
8.375088027,8.560844097,0.380531301,L1,D,M,3
44.85810526,46.68410702,0.322642162,L1,D,M,3
38.70305458,40.25233045,0.33203068,L1,D,M,3
21.5273688,22.30444032,0.359087672,L1,D,M,3
23.02477874,23.86917255,0.356683329,L1,D,M,3
21.70490537,22.48995878,0.358802187,L1,D,M,3
21.90965795,22.70391687,0.358473078,L1,D,M,3
16.22570457,16.76441774,0.367663376,L1,D,M,3
16.02255557,16.55213533,0.367993873,L1,D,M,3
29.79340321,30.94210867,0.345919094,L1,D,M,3
27.71709122,28.77244745,0.349202472,L1,D,M,3
33.51452037,34.83052412,0.340077915,L1,D,M,3
10.95220709,11.25382826,0.376285908,L1,D,M,3
1.135205901,0.995462976,0.392561914,L1,D,M,3
9.134934659,9.354852792,0.379277483,L1,D,M,3
29.09363253,30.21087689,0.347023786,L1,D,M,3
34.75129783,36.12290605,0.338149183,L2,D,M,3
44.62664314,46.44223856,0.322991959,L2,D,M,3
24.51396454,25.42531089,0.354300256,L2,D,M,3
43.34230588,45.10015858,0.32493764,L2,D,M,3
48.5344106,50.52569595,0.31712213,L2,D,M,3
20.54042841,21.27312793,0.360676737,L2,D,M,3
18.009074,18.62796596,0.364767966,L2,D,M,3
36.53972636,37.99174082,0.335371705,L2,D,M,3
17.96998261,18.58711705,0.364831319,L2,D,M,3
26.29827908,27.2898467,0.351455724,L2,D,M,3
52.37363906,54.53753288,0.311431988,L2,D,M,3
53.19283797,55.39356228,0.310228099,L2,D,M,3
41.62768259,43.30844727,0.327547483,L2,D,M,3
46.00076907,47.87814403,0.320919178,L2,D,M,3
33.67602343,34.99928822,0.339825688,L2,D,M,3
32.09534673,33.34754563,0.34229897,L2,D,M,3
37.03695014,38.51131936,0.334601967,L2,D,M,3
45.58061012,47.43909509,0.321551972,L2,D,M,3
30.44279665,31.62069829,0.34489567,L2,D,M,3
15.27736498,15.7734416,0.369207368,L2,D,M,3
10.83310915,11.12937578,0.376481656,L2,D,M,3
29.07733159,30.19384307,0.347049542,L2,D,M,3
19.58621501,20.27601389,0.362216359,L2,D,M,3
21.8403605,22.63150387,0.358584447,L3,D,M,3
19.90540585,20.60955529,0.361700992,L3,D,M,3
25.42288336,26.37509393,0.352849779,L3,D,M,3
36.45290912,37.90102035,0.335506215,L3,D,M,3
29.05894279,30.17462753,0.347078599,L3,D,M,3
42.37682047,44.09126576,0.326405501,L3,D,M,3
19.95616493,20.66259645,0.361619069,L3,D,M,3
20.59513896,21.33029822,0.360588559,L3,D,M,3
11.62319717,11.95498549,0.375183897,L3,D,M,3
19.61501789,20.30611173,0.362169839,L3,D,M,3
29.10575226,30.22354151,0.347004637,L3,D,M,3
4.303364303,4.306059107,0.387278992,L3,D,M,3
17.65954555,18.262723,0.365334605,L3,D,M,3
46.7492063,48.66023037,0.319794153,L3,D,M,3
21.05115071,21.80681187,0.359853998,L3,D,M,3
23.28077254,24.13667561,0.356273097,L3,D,M,3
47.47752867,49.4212975,0.318702069,S1,D,F,3
59.88571888,62.38734947,0.300534799,S1,D,F,3
41.35561097,43.02414354,0.32796288,S1,D,F,3
34.14330044,35.48757361,0.339096537,S1,D,F,3
33.084225,34.38088303,0.340750459,S1,D,F,3
64.98620334,67.71714741,0.293328846,S1,D,F,3
47.81876976,49.7778805,0.318191321,S1,D,F,3
45.5841848,47.44283048,0.321546584,S1,D,F,3
23.09761327,23.94528166,0.356566587,S1,D,F,3
29.90190867,31.05549244,0.345747975,S1,D,F,3
40.56839127,42.20153111,0.329166742,S1,D,F,3
24.33879394,25.24226476,0.35458015,S1,D,F,3
47.40325219,49.34368161,0.31881332,S1,D,F,3
37.30653274,38.79302216,0.334185088,S1,D,F,3
40.73175258,42.372237,0.328916684,S1,D,F,3
50.76603724,52.85765463,0.313805098,S1,D,F,3
21.47137166,22.2459256,0.35917774,S1,D,F,3
38.66602154,40.21363244,0.332087698,S1,D,F,3
46.09547812,47.97711112,0.32077666,S1,D,F,3
39.37969521,40.95939227,0.330989973,S1,D,F,3
30.05307646,31.21345661,0.345509655,S1,D,F,3
65.8415624,68.61096269,0.292136676,S2,D,F,3
64.41553942,67.12082692,0.294126874,S2,D,F,3
22.30029224,23.11211375,0.357845608,S2,D,F,3
48.05032387,50.01984508,0.317845084,S2,D,F,3
31.79795075,33.03677898,0.342765457,S2,D,F,3
57.22583153,59.60787584,0.304356002,S2,D,F,3
58.753472,61.20419773,0.302156239,S2,D,F,3
56.78993495,59.15238171,0.304986193,S2,D,F,3
35.9060737,37.32959966,0.336354206,S2,D,F,3
51.65555426,53.78716359,0.31249029,S2,D,F,3
51.27200954,53.38637503,0.313056693,S2,D,F,3
56.30916739,58.64999925,0.305682534,S2,D,F,3
31.84317,33.08403125,0.342694504,S2,D,F,3
17.66700788,18.27052083,0.365322503,S2,D,F,3
53.85600113,56.0865407,0.309256226,S2,D,F,3
50.51313261,52.59337963,0.314179692,S2,D,F,3
40.99279522,42.6450159,0.328517361,S2,D,F,3
52.43520786,54.60186976,0.31134138,S2,D,F,3
29.75005217,30.8968086,0.345987473,S2,D,F,3
34.55811552,35.92103843,0.338450021,S2,D,F,3
63.02337725,65.66607432,0.296082505,S2,D,F,3
49.88615258,51.9382111,0.315109815,S3,D,F,3
43.47974829,45.24378028,0.324729044,S3,D,F,3
37.30570648,38.79215875,0.334186365,S3,D,F,3
42.324857,44.03696605,0.326484628,S3,D,F,3
34.76023262,36.13224253,0.338135273,S3,D,F,3
47.48882253,49.43309912,0.318685156,S3,D,F,3
40.84313161,42.48862354,0.328746266,S3,D,F,3