/Users/michaeljardine/.densitycount/models/pv20_1527600777_firsttestmodel_,Filename: ,Frame number: ,Predicted count: ,Corrected count: ,CI 
Tue May 29 15:00:20 2018,/Users/michaeljardine/Desktop/Agar photos/Round 1/M/M-001.png,1,52.319856560351823,60.527740003242911,0.53160264872631302
Tue May 29 15:00:20 2018,/Users/michaeljardine/Desktop/Agar photos/Round 1/M/M-002.png,1,43.992791262707165,50.738526844421507,0.4924424551408606
Tue May 29 15:00:20 2018,/Users/michaeljardine/Desktop/Agar photos/Round 1/M/M-003.png,1,30.325279459971835,34.671139162770004,0.49785935942091442
Tue May 29 15:00:20 2018,/Users/michaeljardine/Desktop/Agar photos/Round 1/M/M-004.png,1,36.1351322594818,41.501142944758513,0.4845340489565757
Tue May 29 15:00:20 2018,/Users/michaeljardine/Desktop/Agar photos/Round 1/M/M-005.png,1,29.216498049369701,33.367667028596507,0.50217406687060873
Tue May 29 15:00:20 2018,/Users/michaeljardine/Desktop/Agar photos/Round 1/M/M-006.png,1,19.985141136504001,22.515377856472124,0.55741035902743263
Tue May 29 15:00:20 2018,/Users/michaeljardine/Desktop/Agar photos/Round 1/M/M-007.png,1,32.875237504491444,37.668843870443482,0.49005099369052374
Tue May 29 15:00:20 2018,/Users/michaeljardine/Desktop/Agar photos/Round 1/M/M-008.png,1,45.252514610551387,52.219444782783214,0.49644534951642072
Tue May 29 15:00:20 2018,/Users/michaeljardine/Desktop/Agar photos/Round 1/M/M-009.png,1,19.479105642076149,21.920487682825353,0.56132115536408733
Tue May 29 15:00:20 2018,/Users/michaeljardine/Desktop/Agar photos/Round 1/M/M-010.png,1,30.577592493028867,34.967755794807545,0.49695410406629037
Tue May 29 15:00:20 2018,/Users/michaeljardine/Desktop/Agar photos/Round 1/M/M-011.png,1,32.507558372452657,37.23660402736261,0.49099109099554283
Tue May 29 15:00:20 2018,/Users/michaeljardine/Desktop/Agar photos/Round 1/M/M-012.png,1,28.203250894392422,32.176503992388838,0.50658762856439665
Tue May 29 15:00:20 2018,/Users/michaeljardine/Desktop/Agar photos/Round 1/M/M-013.png,1,32.496758363093754,37.223907646350504,0.49101966334270486
Tue May 29 15:00:20 2018,/Users/michaeljardine/Desktop/Agar photos/Round 1/M/M-014.png,1,30.302937895072613,34.644874646607029,0.49794089683148712
Tue May 29 15:00:20 2018,/Users/michaeljardine/Desktop/Agar photos/Round 1/M/M-015.png,1,21.831101282484266,24.685469804328132,0.54385148775416781
Tue May 29 15:00:20 2018,/Users/michaeljardine/Desktop/Agar photos/Round 1/M/M-016.png,1,28.78210807971465,32.857002604215204,0.50401187464800756
Tue May 29 15:00:20 2018,/Users/michaeljardine/Desktop/Agar photos/Round 1/M/M-017.png,1,21.241018973271814,23.991775051176127,0.54806212891005757
Tue May 29 15:00:20 2018,/Users/michaeljardine/Desktop/Agar photos/Round 1/M/M-018.png,1,22.224569844581954,25.148027438739707,0.5411102949804949
Tue May 29 15:00:20 2018,/Users/michaeljardine/Desktop/Agar photos/Round 1/M/M-019.png,1,35.216336121903133,40.421015562689902,0.4855711189551144
Tue May 29 15:00:20 2018,/Users/michaeljardine/Desktop/Agar photos/Round 1/M/M-020.png,1,27.048760406937689,30.819296732981048,0.51214891277614427
Tue May 29 15:00:20 2018,/Users/michaeljardine/Desktop/Agar photos/Round 1/M/M-021.png,1,25.477925592216575,28.972639322602362,0.5205947460458944
Tue May 29 15:00:20 2018,/Users/michaeljardine/Desktop/Agar photos/Round 1/M/M-022.png,1,11.225015536524671,12.217063416629562,0.63526983917354407
Tue May 29 15:00:20 2018,/Users/michaeljardine/Desktop/Agar photos/Round 1/M/M-023.png,1,21.805394079586677,24.65524867841085,0.54403244764637648
Tue May 29 15:00:20 2018,/Users/michaeljardine/Desktop/Agar photos/Round 1/M/M-024.png,1,21.355489800482914,24.126345789843569,0.54723605470432446
Tue May 29 15:00:20 2018,/Users/michaeljardine/Desktop/Agar photos/Round 1/M/M-025.png,1,27.37078525568587,31.197865865581083,0.51054161583598656
Tue May 29 15:00:20 2018,/Users/michaeljardine/Desktop/Agar photos/Round 1/M/M-026.png,1,34.891061895040544,40.038626494271114,0.48603632198823732
Tue May 29 15:00:20 2018,/Users/michaeljardine/Desktop/Agar photos/Round 1/M/M-027.png,1,7.2343026927918901,7.5256220400384048,0.67669844808512813
Tue May 29 15:00:20 2018,/Users/michaeljardine/Desktop/Agar photos/Round 1/M/M-028.png,1,38.364901031494931,44.122436404567701,0.48372942793138662
Tue May 29 15:00:20 2018,/Users/michaeljardine/Desktop/Agar photos/Round 1/M/M-029.png,1,34.957999236249385,40.117317350888207,0.48593641211512306
Tue May 29 15:00:20 2018,/Users/michaeljardine/Desktop/Agar photos/Round 1/M/M-030.png,1,40.155136897974693,46.227019456954082,0.48484311303418792
Tue May 29 15:00:20 2018,/Users/michaeljardine/Desktop/Agar photos/Round 1/M/M-031.png,1,17.013760865874485,19.022253471661998,0.58149052923327105
Tue May 29 15:00:20 2018,/Users/michaeljardine/Desktop/Agar photos/Round 1/M/M-032.png,1,27.610261108657959,31.479391239448081,0.50937430727913835
Tue May 29 15:00:20 2018,/Users/michaeljardine/Desktop/Agar photos/Round 1/M/M-033.png,1,34.597892644750011,39.69397970934466,0.48649935515015841
Tue May 29 15:00:20 2018,/Users/michaeljardine/Desktop/Agar photos/Round 1/M/M-034.png,1,23.697517061162038,26.879609185657628,0.53133592156047982
Tue May 29 15:00:20 2018,/Users/michaeljardine/Desktop/Agar photos/Round 1/M/M-035.png,1,15.50139837308396,17.244335527446939,0.59472315607937531
Tue May 29 15:00:20 2018,/Users/michaeljardine/Desktop/Agar photos/Round 1/M/M-036.png,1,20.599610267895383,23.237741509415674,0.55277184444365801
Tue May 29 15:00:20 2018,/Users/michaeljardine/Desktop/Agar photos/Round 1/M/M-037.png,1,15.58620430355136,17.344032515617837,0.5939648040093104
Tue May 29 15:00:20 2018,/Users/michaeljardine/Desktop/Agar photos/Round 1/M/M-038.png,1,30.47372223931475,34.845646982384039,0.49732330123057267
Tue May 29 15:00:20 2018,/Users/michaeljardine/Desktop/Agar photos/Round 1/M/M-039.png,1,23.215495046790689,26.312949014605493,0.53444845336904834
Tue May 29 15:00:20 2018,/Users/michaeljardine/Desktop/Agar photos/Round 1/M/M-040.png,1,22.5991653028968,25.588398044552978,0.53855087756243236
Tue May 29 15:00:20 2018,/Users/michaeljardine/Desktop/Agar photos/Round 1/M/M-041.png,1,50.842651235889186,58.791152468063984,0.52258137248046665
Tue May 29 15:00:20 2018,/Users/michaeljardine/Desktop/Agar photos/Round 1/M/M-042.png,1,16.69582439269626,18.648490591744881,0.58422028053749386
Tue May 29 15:00:20 2018,/Users/michaeljardine/Desktop/Agar photos/Round 1/M/M-043.png,1,13.005155469781078,14.30977779273829,0.61786334686269839
Tue May 29 15:00:20 2018,/Users/michaeljardine/Desktop/Agar photos/Round 1/M/M-044.png,1,23.993880727663768,27.228011293749166,0.5294647350417101
Tue May 29 15:00:20 2018,/Users/michaeljardine/Desktop/Agar photos/Round 1/M/M-045.png,1,14.960230596216661,16.608144200361039,0.59960669513603904
Tue May 29 15:00:20 2018,/Users/michaeljardine/Desktop/Agar photos/Round 1/M/M-046.png,1,11.216621016631802,12.207194904535571,0.63535359032307781
Tue May 29 15:00:20 2018,/Users/michaeljardine/Desktop/Agar photos/Round 1/M/M-047.png,1,23.620593824207742,26.789179011701247,0.53182691747401378
Tue May 29 15:00:20 2018,/Users/michaeljardine/Desktop/Agar photos/Round 1/M/M-048.png,1,18.25846494147445,20.485514906533691,0.57108148908899636
Tue May 29 15:00:20 2018,/Users/michaeljardine/Desktop/Agar photos/Round 1/M/M-049.png,1,40.411563545594916,46.528472012377946,0.48513052720597472
Tue May 29 15:00:20 2018,/Users/michaeljardine/Desktop/Agar photos/Round 1/M/M-050.png,1,9.9267855612274563,10.69087747919605,0.64839939432894411
Tue May 29 15:00:20 2018,/Users/michaeljardine/Desktop/Agar photos/Round 1/M/M-051.png,1,21.041014959238499,23.756652369173644,0.54951602156824464
Tue May 29 15:00:20 2018,/Users/michaeljardine/Desktop/Agar photos/Round 1/M/M-052.png,1,26.053991814117055,29.649856906254048,0.51738232013835983
Tue May 29 15:00:20 2018,/Users/michaeljardine/Desktop/Agar photos/Round 1/M/M-053.png,1,22.649241773276913,25.647267433139493,0.53821248690624302
Tue May 29 15:00:20 2018,/Users/michaeljardine/Desktop/Agar photos/Round 1/M/M-054.png,1,29.347656578955942,33.521855660224084,0.50163534882222649
Tue May 29 15:00:20 2018,/Users/michaeljardine/Desktop/Agar photos/Round 1/M/M-055.png,1,18.404084783679028,20.656704109997456,0.56989336052664896
Tue May 29 15:00:20 2018,/Users/michaeljardine/Desktop/Agar photos/Round 1/M/M-056.png,1,18.199549583946631,20.416254612233953,0.57156398054796753
Tue May 29 15:00:20 2018,/Users/michaeljardine/Desktop/Agar photos/Round 1/M/M-057.png,1,37.104268738825105,42.640449919925963,0.48388564912010423
Tue May 29 15:00:20 2018,/Users/michaeljardine/Desktop/Agar photos/Round 1/M/M-058.png,1,30.954161948480763,35.410447011551412,0.49565653603097104
Tue May 29 15:00:20 2018,/Users/michaeljardine/Desktop/Agar photos/Round 1/M/M-059.png,1,38.731250291223773,44.55311286330479,0.48382990203329967
Tue May 29 15:00:20 2018,/Users/michaeljardine/Desktop/Agar photos/Round 1/M/M-060.png,1,25.654078377108092,29.17972274253313,0.51959848810712117
Tue May 29 15:00:20 2018,/Users/michaeljardine/Desktop/Agar photos/Round 1/M/M-061.png,1,39.181116647485496,45.081971170165183,0.48404307787072298
Tue May 29 15:00:20 2018,/Users/michaeljardine/Desktop/Agar photos/Round 1/M/M-062.png,1,14.356929897585685,15.898910043228277,0.60513956884900466
Tue May 29 15:00:20 2018,/Users/michaeljardine/Desktop/Agar photos/Round 1/M/M-063.png,1,42.085489901035217,48.496322788113922,0.48778752423309157
Tue May 29 15:00:20 2018,/Users/michaeljardine/Desktop/Agar photos/Round 1/M/M-064.png,1,19.111940602250097,21.488852201314117,0.56420903144712042
Tue May 29 15:00:20 2018,/Users/michaeljardine/Desktop/Agar photos/Round 1/M/M-065.png,1,20.459808269350262,23.073391703707472,0.55381641119158331
Tue May 29 15:00:20 2018,/Users/michaeljardine/Desktop/Agar photos/Round 1/M/M-066.png,1,13.135582966011905,14.46310702899828,0.61661653553893991
Tue May 29 15:00:20 2018,/Users/michaeljardine/Desktop/Agar photos/Round 1/M/M-067.png,1,20.595974450524739,23.233467279542896,0.55279892935435626
Tue May 29 15:00:20 2018,/Users/michaeljardine/Desktop/Agar photos/Round 1/M/M-068.png,1,21.304620021384032,24.066543795606542,0.54760260876187772
Tue May 29 15:00:20 2018,/Users/michaeljardine/Desktop/Agar photos/Round 1/M/M-069.png,1,25.588069633482132,29.102123535777384,0.51997037834581405
Tue May 29 15:00:20 2018,/Users/michaeljardine/Desktop/Agar photos/Round 1/M/M-070.png,1,27.194314820632972,30.990409019355628,0.51141709759717102
Tue May 29 15:00:20 2018,/Users/michaeljardine/Desktop/Agar photos/Round 1/M/M-071.png,1,36.736920761264379,42.208599378676929,0.48407745775994471
Tue May 29 15:00:20 2018,/Users/michaeljardine/Desktop/Agar photos/Round 1/M/M-072.png,1,33.036677774740106,37.858631407996349,0.48965830167514213
Tue May 29 15:00:20 2018,/Users/michaeljardine/Desktop/Agar photos/Round 1/M/M-073.png,1,20.578131296149685,23.212491048979103,0.55293191422324384
Tue May 29 15:00:20 2018,/Users/michaeljardine/Desktop/Agar photos/Round 1/M/M-074.png,1,38.369101344212893,44.12737424942182,0.48373020769604125
Tue May 29 15:00:20 2018,/Users/michaeljardine/Desktop/Agar photos/Round 1/M/M-075.png,1,39.37119996624039,45.305431183833406,0.48416287191976437
Tue May 29 15:00:20 2018,/Users/michaeljardine/Desktop/Agar photos/Round 1/M/M-076.png,1,20.256606039655196,22.834509231944526,0.55534604588183001
Tue May 29 15:00:20 2018,/Users/michaeljardine/Desktop/Agar photos/Round 1/M/M-077.png,1,40.62994002243591,46.785193174547004,0.48540045091543504
Tue May 29 15:00:20 2018,/Users/michaeljardine/Desktop/Agar photos/Round 1/M/M-078.png,1,35.140715109103681,40.332116270187754,0.48567470850736072
Tue May 29 15:00:20 2018,/Users/michaeljardine/Desktop/Agar photos/Round 1/M/M-079.png,1,18.251648692641847,20.477501793824608,0.57113725846995678
Tue May 29 15:00:20 2018,/Users/michaeljardine/Desktop/Agar photos/Round 1/M/M-080.png,1,12.867209560074153,14.147609986165357,0.61918637713751323
Tue May 29 15:00:20 2018,/Users/michaeljardine/Desktop/Agar photos/Round 1/M/M-081.png,1,24.181607015451906,27.448700405817512,0.52829640380941356
Tue May 29 15:00:20 2018,/Users/michaeljardine/Desktop/Agar photos/Round 1/M/M-082.png,1,6.3825804686073697,6.5243460674570342,0.68592842552952416
Tue May 29 15:00:20 2018,/Users/michaeljardine/Desktop/Agar photos/Round 1/M/M-083.png,1,12.411575004670627,13.611970643138763,0.62358774311488041
Tue May 29 15:00:20 2018,/Users/michaeljardine/Desktop/Agar photos/Round 1/M/M-084.png,1,23.647668771802405,26.821008044354929,0.53165385102709806
Tue May 29 15:00:20 2018,/Users/michaeljardine/Desktop/Agar photos/Round 1/M/M-085.png,1,20.009968994183367,22.544565233106354,0.55722057599606956
Tue May 29 15:00:20 2018,/Users/michaeljardine/Desktop/Agar photos/Round 1/M/M-086.png,1,14.051533268651923,15.539888876495779,0.60797521263201837
Tue May 29 15:00:20 2018,/Users/michaeljardine/Desktop/Agar photos/Round 1/M/M-087.png,1,31.443450588647796,35.985649753883663,0.49406700992886954
Tue May 29 15:00:20 2018,/Users/michaeljardine/Desktop/Agar photos/Round 1/M/M-088.png,1,15.20025904479251,16.890319199992039,0.59743126153745152
Tue May 29 15:00:20 2018,/Users/michaeljardine/Desktop/Agar photos/Round 1/M/M-089.png,1,26.969191818416746,30.725756710663898,0.51255266207638073
Tue May 29 15:00:20 2018,/Users/michaeljardine/Desktop/Agar photos/Round 1/M/M-090.png,1,27.859778794971952,31.772721690323074,0.50818362616438151
Tue May 29 15:00:20 2018,/Users/michaeljardine/Desktop/Agar photos/Round 1/M/M-091.png,1,21.529781818811028,24.331241711552952,0.54598679719775589
Tue May 29 15:00:20 2018,/Users/michaeljardine/Desktop/Agar photos/Round 1/M/M-092.png,1,21.046125015264021,23.762659698995051,0.54947870823936285
Tue May 29 15:00:20 2018,/Users/michaeljardine/Desktop/Agar photos/Round 1/M/M-093.png,1,41.797131853061856,48.157332003632945,0.487233770283936
Tue May 29 15:00:20 2018,/Users/michaeljardine/Desktop/Agar photos/Round 1/M/M-094.png,1,32.463081954078753,37.184318002882144,0.49110910758840021
Tue May 29 15:00:20 2018,/Users/michaeljardine/Desktop/Agar photos/Round 1/M/M-095.png,1,23.196048016314059,26.290087283630996,0.53457580712806063
Tue May 29 15:00:20 2018,/Users/michaeljardine/Desktop/Agar photos/Round 1/M/M-096.png,1,26.350944898942537,29.998951928524193,0.51577806405724047
Tue May 29 15:00:20 2018,/Users/michaeljardine/Desktop/Agar photos/Round 1/M/M-097.png,1,33.909326820941288,38.884508739416077,0.48774927353026953
Tue May 29 15:00:20 2018,/Users/michaeljardine/Desktop/Agar photos/Round 1/M/M-098.png,1,24.471835976873916,27.78989061709483,0.52651623025828798
Tue May 29 15:00:20 2018,/Users/michaeljardine/Desktop/Agar photos/Round 1/M/M-099.png,1,30.858357098786765,35.297819805953694,0.49598055734009705
Tue May 29 15:00:20 2018,/Users/michaeljardine/Desktop/Agar photos/Round 1/M/M-100.png,1,39.235098606105332,45.145431810951763,0.48407530431205004
Tue May 29 15:00:20 2018,/Users/michaeljardine/Desktop/Agar photos/Round 1/M/M-101.png,1,7.8917135786373498,8.2984675821877047,0.66966261725263898
Tue May 29 15:00:20 2018,/Users/michaeljardine/Desktop/Agar photos/Round 1/M/M-102.png,1,18.068437878740344,20.262121026870581,0.57264142146275177
Tue May 29 15:00:20 2018,/Users/michaeljardine/Desktop/Agar photos/Round 1/M/M-103.png,1,14.769596597107229,16.384036812476303,0.60134501286250241
Tue May 29 15:00:20 2018,/Users/michaeljardine/Desktop/Agar photos/Round 1/M/M-104.png,1,17.824184126004944,19.974978802701255,0.57466213665525245
Tue May 29 15:00:20 2018,/Users/michaeljardine/Desktop/Agar photos/Round 1/M/M-105.png,1,18.81592389952413,21.140857980303792,0.56656761024964197
Tue May 29 15:00:20 2018,/Users/michaeljardine/Desktop/Agar photos/Round 1/M/M-106.png,1,11.515851188236283,12.558966846832639,0.63237765065847285
Tue May 29 15:00:20 2018,/Users/michaeljardine/Desktop/Agar photos/Round 1/M/M-107.png,1,18.728143017044307,21.037663668844807,0.56727217053208534
Tue May 29 15:00:20 2018,/Users/michaeljardine/Desktop/Agar photos/Round 1/M/M-108.png,1,16.222627436889095,18.092205069664011,0.58833496138487362
Tue May 29 15:00:20 2018,/Users/michaeljardine/Desktop/Agar photos/Round 1/M/M-109.png,1,16.916938111603852,18.908429627810609,0.58231883592470268
Tue May 29 15:00:20 2018,/Users/michaeljardine/Desktop/Agar photos/Round 1/M/M-110.png,1,16.5963043817016,18.531495880358321,0.58508053345358135
Tue May 29 15:00:20 2018,/Users/michaeljardine/Desktop/Agar photos/Round 1/M/M-111.png,1,11.134444076705556,12.110588530870503,0.63617426305128966
Tue May 29 15:00:20 2018,/Users/michaeljardine/Desktop/Agar photos/Round 1/M/M-112.png,1,25.641424970332984,29.164847526394038,0.51966964362052792
Tue May 29 15:00:20 2018,/Users/michaeljardine/Desktop/Agar photos/Round 1/M/M-113.png,1,19.952171216206654,22.476618753945168,0.55766268437548661
Tue May 29 15:00:20 2018,/Users/michaeljardine/Desktop/Agar photos/Round 1/M/M-114.png,1,24.710775075920285,28.070784988513203,0.52507463448239733
Tue May 29 15:00:20 2018,/Users/michaeljardine/Desktop/Agar photos/Round 1/M/M-115.png,1,13.817867305012367,15.265193549358614,0.61016037240691645
Tue May 29 15:00:20 2018,/Users/michaeljardine/Desktop/Agar photos/Round 1/M/M-116.png,1,26.529216295742966,30.208525967038558,0.51483205508379726
Tue May 29 15:00:20 2018,/Users/michaeljardine/Desktop/Agar photos/Round 1/M/M-117.png,1,21.084888493533445,23.808229649270817,0.54919594369253488
Tue May 29 15:00:20 2018,/Users/michaeljardine/Desktop/Agar photos/Round 1/M/M-118.png,1,8.0265314711690827,8.4569581236260571,0.66822952199829189
Tue May 29 15:00:20 2018,/Users/michaeljardine/Desktop/Agar photos/Round 1/M/M-119.png,1,18.317622117372128,20.555059480046289,0.57059805610627734
Tue May 29 15:00:20 2018,/Users/michaeljardine/Desktop/Agar photos/Round 1/M/M-120.png,1,10.611741954908464,11.496105239825903,0.64142809106653687
Tue May 29 15:00:20 2018,/Users/michaeljardine/Desktop/Agar photos/Round 1/M/M-121.png,1,23.10632492772622,26.184609734451382,0.53516515589099711
Tue May 29 15:00:20 2018,/Users/michaeljardine/Desktop/Agar photos/Round 1/M/M-122.png,1,15.560504524671121,17.313820117299738,0.5941944162451378
Tue May 29 15:00:20 2018,/Users/michaeljardine/Desktop/Agar photos/Round 1/M/M-123.png,1,16.534495936373016,18.458834501503993,0.58561618676749561
Tue May 29 15:00:20 2018,/Users/michaeljardine/Desktop/Agar photos/Round 1/M/M-124.png,1,29.081593660090515,33.209074802462759,0.5027360216532486
Tue May 29 15:00:20 2018,/Users/michaeljardine/Desktop/Agar photos/Round 1/M/M-125.png,1,16.063643651927915,17.905305351197601,0.58973113947645572
Tue May 29 15:00:20 2018,/Users/michaeljardine/Desktop/Agar photos/Round 1/M/M-126.png,1,11.461170396486031,12.494684664935043,0.63292001194194292
Tue May 29 15:00:20 2018,/Users/michaeljardine/Desktop/Agar photos/Round 1/M/M-127.png,1,15.793521500620621,17.58775250111794,0.59211895175693385
Tue May 29 15:00:20 2018,/Users/michaeljardine/Desktop/Agar photos/Round 1/M/M-128.png,1,15.636214934354213,17.402824503867851,0.59351848948801944
Tue May 29 15:00:20 2018,/Users/michaeljardine/Desktop/Agar photos/Round 1/M/M-129.png,1,15.709801854915792,17.489332538250903,0.59286297636440466
Tue May 29 15:00:20 2018,/Users/michaeljardine/Desktop/Agar photos/Round 1/M/M-130.png,1,16.272808840568004,18.151197816767926,0.58789569926853957
Tue May 29 15:00:20 2018,/Users/michaeljardine/Desktop/Agar photos/Round 1/M/M-131.png,1,13.874147271407384,15.331355704682167,0.60963283962220061
Tue May 29 15:00:20 2018,/Users/michaeljardine/Desktop/Agar photos/Round 1/M/M-132.png,1,14.009504435104697,15.490480207810691,0.60836726249914364
Tue May 29 15:00:20 2018,/Users/michaeljardine/Desktop/Agar photos/Round 1/M/M-133.png,1,18.930051300093453,21.275024990108712,0.56565509465766795
Tue May 29 15:00:20 2018,/Users/michaeljardine/Desktop/Agar photos/Round 1/M/M-134.png,1,12.081110671104058,13.223480138136235,0.62680971681608177
Tue May 29 15:00:20 2018,/Users/michaeljardine/Desktop/Agar photos/Round 1/M/M-135.png,1,53.400141671825345,61.797712178374852,0.53871176892068462
Tue May 29 15:00:20 2018,/Users/michaeljardine/Desktop/Agar photos/Round 1/M/M-136.png,1,16.415843131256853,18.319347472201756,0.58664742380509338
Tue May 29 15:00:20 2018,/Users/michaeljardine/Desktop/Agar photos/Round 1/M/M-137.png,1,18.782076540878155,21.101067370190258,0.56683900349999661
Tue May 29 15:00:20 2018,/Users/michaeljardine/Desktop/Agar photos/Round 1/M/M-138.png,1,9.3547794903383661,10.018432967723678,0.65429431668728455
Tue May 29 15:00:20 2018,/Users/michaeljardine/Desktop/Agar photos/Round 1/M/M-139.png,1,18.729063052114313,21.038745252703219,0.56726477386440521
Tue May 29 15:00:20 2018,/Users/michaeljardine/Desktop/Agar photos/Round 1/M/M-140.png,1,19.921218968943176,22.440231607288297,0.55789988410692359
Tue May 29 15:00:20 2018,/Users/michaeljardine/Desktop/Agar photos/Round 1/M/M-141.png,1,20.078802136186855,22.625484773830284,0.55669545138180965
Tue May 29 15:00:20 2018,/Users/michaeljardine/Desktop/Agar photos/Round 1/M/M-142.png,1,14.7622860329469,16.375442587702185,0.60141185992457125
Tue May 29 15:00:20 2018,/Users/michaeljardine/Desktop/Agar photos/Round 1/M/M-143.png,1,7.4734626242983975,7.8067760198478995,0.6741298080415552
Tue May 29 15:00:20 2018,/Users/michaeljardine/Desktop/Agar photos/Round 1/M/M-144.png,1,12.156804015774954,13.312464463249803,0.62606953598680803
Tue May 29 15:00:20 2018,/Users/michaeljardine/Desktop/Agar photos/Round 1/M/M-145.png,1,47.773267697342249,55.182816439581984,0.50659208780955822
Tue May 29 15:00:20 2018,/Users/michaeljardine/Desktop/Agar photos/Round 1/M/M-146.png,1,25.285874166084895,28.74686562194573,0.52169480224541331
Tue May 29 15:00:20 2018,/Users/michaeljardine/Desktop/Agar photos/Round 1/M/M-147.png,1,32.193469159446302,36.867363947322005,0.49184429518910378
Tue May 29 15:00:20 2018,/Users/michaeljardine/Desktop/Agar photos/Round 1/M/M-148.png,1,22.081016464156523,24.9792675466981,0.54210416430416331
Tue May 29 15:00:20 2018,/Users/michaeljardine/Desktop/Agar photos/Round 1/M/M-149.png,1,35.16103353417931,40.356002403778312,0.48564660350683653
Tue May 29 15:00:20 2018,/Users/michaeljardine/Desktop/Agar photos/Round 1/M/M-150.png,1,38.159897537419468,43.881436384743729,0.48370186674488025
Tue May 29 15:00:20 2018,/Users/michaeljardine/Desktop/Agar photos/Round 1/M/M-151.png,1,33.751418650147841,38.698873502010905,0.48806789181436017
Tue May 29 15:00:20 2018,/Users/michaeljardine/Desktop/Agar photos/Round 1/M/M-152.png,1,40.675881411890387,46.839201404110121,0.48546017918186379
Tue May 29 15:00:20 2018,/Users/michaeljardine/Desktop/Agar photos/Round 1/M/M-153.png,1,21.074173312517338,23.795632991594591,0.54927405655753248
Tue May 29 15:00:20 2018,/Users/michaeljardine/Desktop/Agar photos/Round 1/M/M-154.png,1,33.282265697720554,38.147342069118196,0.48908452155303195
Tue May 29 15:00:20 2018,/Users/michaeljardine/Desktop/Agar photos/Round 1/M/M-155.png,1,19.612926277090846,22.077805858483018,0.56027907768859819
Tue May 29 15:00:20 2018,/Users/michaeljardine/Desktop/Agar photos/Round 1/M/M-156.png,1,10.119977272620069,10.917991687592462,0.64642335149478924
Tue May 29 15:00:20 2018,/Users/michaeljardine/Desktop/Agar photos/Round 1/M/M-157.png,1,30.650458103334344,35.053415864199543,0.49669801603810981
Tue May 29 15:00:20 2018,/Users/michaeljardine/Desktop/Agar photos/Round 1/M/M-158.png,1,7.5193072757003501,7.8606705251416811,0.67363860232981043
Tue May 29 15:00:20 2018,/Users/michaeljardine/Desktop/Agar photos/Round 1/M/M-159.png,1,27.795130306219907,31.696721585343901,0.50848960901375762
Tue May 29 15:00:20 2018,/Users/michaeljardine/Desktop/Agar photos/Round 1/M/M-160.png,1,20.735750845565654,23.397786986032308,0.5517607958276578
Tue May 29 15:00:20 2018,/Users/michaeljardine/Desktop/Agar photos/Round 1/M/M-161.png,1,11.495918071960624,12.535533678343231,0.63257528508237648
Tue May 29 15:00:20 2018,/Users/michaeljardine/Desktop/Agar photos/Round 1/M/M-162.png,1,16.982147517144536,18.985089140853979,0.58176068763600597
Tue May 29 15:00:20 2018,/Users/michaeljardine/Desktop/Agar photos/Round 1/M/M-163.png,1,10.947732426397636,11.891092216290557,0.63804428044995021
Tue May 29 15:00:20 2018,/Users/michaeljardine/Desktop/Agar photos/Round 1/M/M-164.png,1,23.956322332149014,27.183858026486899,0.52970006500313005
Tue May 29 15:00:20 2018,/Users/michaeljardine/Desktop/Agar photos/Round 1/M/M-165.png,1,12.07990106155717,13.222058133471904,0.62682155567377151
Tue May 29 15:00:20 2018,/Users/michaeljardine/Desktop/Agar photos/Round 1/M/M-166.png,1,22.831006365354519,25.860948036446061,0.53699171644769095
Tue May 29 15:00:20 2018,/Users/michaeljardine/Desktop/Agar photos/Round 1/M/M-167.png,1,8.8116431583496357,9.3799274272853239,0.65995164524736438
Tue May 29 15:00:20 2018,/Users/michaeljardine/Desktop/Agar photos/Round 1/M/M-168.png,1,14.428115037640104,15.982594568907494,0.60448194547549861
Tue May 29 15:00:20 2018,/Users/michaeljardine/Desktop/Agar photos/Round 1/M/M-169.png,1,15.185828910053768,16.873355280553575,0.5975616239250634
Tue May 29 15:00:20 2018,/Users/michaeljardine/Desktop/Agar photos/Round 1/M/M-170.png,1,12.667453800057448,13.912779149056512,0.62111008577777582
Tue May 29 15:00:20 2018,/Users/michaeljardine/Desktop/Agar photos/Round 1/M/M-171.png,1,45.082943590506488,52.020098818575654,0.49586426524420801
Tue May 29 15:00:20 2018,/Users/michaeljardine/Desktop/Agar photos/Round 1/M/M-172.png,1,42.141363011093837,48.562006647271943,0.48789941597910769
Tue May 29 15:00:20 2018,/Users/michaeljardine/Desktop/Agar photos/Round 1/M/M-173.png,1,22.233874088283862,25.158965412878732,0.54104612674245445
Tue May 29 15:00:20 2018,/Users/michaeljardine/Desktop/Agar photos/Round 1/M/M-174.png,1,30.666798487030821,35.072625452858226,0.49664091672974564
Tue May 29 15:00:20 2018,/Users/michaeljardine/Desktop/Agar photos/Round 1/M/M-175.png,1,14.427719081025725,15.982129086344159,0.60448559989497497
Tue May 29 15:00:20 2018,/Users/michaeljardine/Desktop/Agar photos/Round 1/M/M-176.png,1,8.6953219741403807,9.2431814277753865,0.66117069420195307
Tue May 29 15:00:20 2018,/Users/michaeljardine/Desktop/Agar photos/Round 1/M/M-177.png,1,27.150793608459153,30.939245925555905,0.51163499463459416
Tue May 29 15:00:20 2018,/Users/michaeljardine/Desktop/Agar photos/Round 1/M/M-178.png,1,9.1915584552688827,9.8265519811832487,0.65598836880562494
Tue May 29 15:00:20 2018,/Users/michaeljardine/Desktop/Agar photos/Round 1/M/M-179.png,1,25.930826302471615,29.505064785114616,0.51805807662840664
Tue May 29 15:00:20 2018,/Users/michaeljardine/Desktop/Agar photos/Round 1/M/M-180.png,1,14.193542741340622,15.706833766325659,0.60665375817201905
Tue May 29 15:00:20 2018,/Users/michaeljardine/Desktop/Agar photos/Round 1/M/M-181.png,1,17.135291747504724,19.16512393840307,0.58045458757562685
Tue May 29 15:00:20 2018,/Users/michaeljardine/Desktop/Agar photos/Round 1/M/M-182.png,1,16.007162215497672,17.838906349752463,0.59022879942519424
Tue May 29 15:00:20 2018,/Users/michaeljardine/Desktop/Agar photos/Round 1/M/M-183.png,1,22.283557678360264,25.217372935381405,0.54070398859079205
Tue May 29 15:00:20 2018,/Users/michaeljardine/Desktop/Agar photos/Round 1/M/M-184.png,1,19.637773047007801,22.107015468151154,0.5600862128364632
Tue May 29 15:00:20 2018,/Users/michaeljardine/Desktop/Agar photos/Round 1/M/M-185.png,1,15.329075306071623,17.04175428485205,0.5962699317681448
